Time,Amount,Location,Transaction_Type,Old_Balance,Is_International,New_Balance,Bank_Name,Bank_Branch,Device_Type,Customer_Name,Age,Gender,City,KYC_Status,Account_Type,Customer_Since_Years,Avg_Monthly_Balance,Fraud_Label
72,23993.75,0,2,23174.27,0,0.0,2,1,1,0,54.0,1,1,2,2,8.5,155391.32,0
285,19211.43,0,0,23279.15,0,4067.720000000001,5,0,1,5,66.0,0,1,1,1,2.4,60620.72,0
180,11990.81,2,1,79599.01,0,67608.2,2,4,1,3,66.0,1,4,2,0,13.9,282716.0,0
325,45597.03,2,2,13387.4,0,0.0,5,1,0,2,34.0,1,3,0,0,0.9,262845.21,0
129,29414.82,3,1,28909.99,0,0.0,4,4,1,1,43.019823788546255,1,1,0,1,6.9,102897.76,0
548,47431.74,1,1,37017.15,0,0.0,3,4,2,3,29.0,1,2,2,2,10.9,252757.69,0
542,19889.08,0,1,76426.48,0,56537.4,5,3,1,3,44.0,1,1,2,2,12.8,20285.47,0
171,22976.5,1,2,17118.69,0,0.0,3,0,1,1,43.019823788546255,1,3,0,2,0.2,144970.16,0
897,26088.97,0,0,47483.03,1,21394.06,0,4,0,3,43.019823788546255,0,5,0,0,8.6,245685.15,0
425,42030.6,3,0,60700.92,0,18670.32,3,3,1,3,46.0,2,0,2,0,2.8,189551.28,0
847,29374.06,0,1,88054.76,0,58680.7,3,2,1,3,23.0,2,4,0,0,3.6,355039.79,0
958,15632.0,0,0,73886.66,0,58254.66,0,1,0,4,24.0,2,0,0,2,14.3,138942.66,0
257,7219.94,3,1,85615.64,0,78395.7,0,2,2,0,69.0,0,3,2,1,13.0,204864.61,0
338,13361.59,2,1,21198.44,0,7836.8499999999985,0,4,1,1,31.0,1,4,2,0,2.0,241392.97,0
320,30539.71,3,2,29047.17,0,0.0,5,4,2,3,33.0,1,1,0,2,5.2,334348.73,0
198,44729.27,1,1,98932.56,0,54203.29,3,0,1,2,59.0,0,2,2,2,4.3,327227.58,0
206,34543.48,2,2,41355.65,0,6812.169999999998,4,2,0,4,69.0,1,5,2,1,0.0,159972.53,0
165,6204.97,0,0,20038.68,0,13833.71,3,1,1,1,24.0,0,1,0,0,13.5,255509.85,0
529,32532.19,2,0,10395.94,0,0.0,3,3,0,0,47.0,1,5,1,2,4.9,295993.24,0
287,41899.4,1,0,98063.12,0,56163.72,0,0,0,5,40.0,1,4,2,2,3.1,41453.74,0
988,9897.85,2,2,83671.53,0,73773.68,1,4,0,5,61.0,1,3,1,2,3.1,199441.36,0
108,48377.19,3,0,85068.72,0,36691.53,4,2,0,0,45.0,1,0,2,2,8.3,301673.3,0
665,217.15,3,2,31789.25,0,31572.1,5,2,0,2,21.0,1,1,2,0,0.9,321135.41,0
421,12414.62,1,2,2697.83,1,0.0,0,2,1,3,18.0,1,0,0,0,13.8,324912.35,0
238,21711.08,3,1,25382.32,0,3671.239999999998,4,3,1,4,23.0,1,1,1,2,8.0,374179.88,0
123,1791.51,3,0,29265.37,0,27473.86,1,0,1,1,56.0,0,5,2,1,12.0,140165.14,0
782,10318.71,2,2,53894.76,0,43576.05,3,0,0,5,34.0,0,1,2,2,13.9,151237.63,0
253,9696.99,3,0,35349.3,0,25652.310000000005,0,1,1,5,38.0,0,5,1,0,5.0,84427.6,0
743,27887.4,1,1,19504.53,0,0.0,5,3,1,5,57.0,1,5,0,1,2.9,287222.13,0
716,34576.53,3,2,33377.42,0,0.0,1,0,0,5,48.0,2,1,2,1,10.3,476197.62,0
693,29433.77,1,0,45173.92,0,15740.149999999998,5,1,1,1,53.0,0,5,1,1,0.7,289785.53,0
956,44378.65,3,0,52162.2,0,7783.549999999996,3,2,0,5,28.0,0,5,1,2,9.4,372814.26,0
866,36626.98,0,0,21977.54,0,0.0,5,2,1,4,19.0,1,3,2,0,8.1,223840.44,0
273,312.43,1,2,42519.57,0,42207.14,1,2,2,2,26.0,1,4,2,0,6.6,414303.6,0
749,13329.26,0,0,45985.91,0,32656.65,5,3,2,3,54.0,2,5,1,0,9.2,343548.07,0
922,11800.02,3,1,90571.87,0,78771.84999999999,3,1,1,3,38.0,2,3,2,1,5.9,254746.39,0
900,22898.73,0,2,82239.28,0,59340.55,4,4,1,2,46.0,1,3,2,2,9.4,197426.24,0
777,2627.21,2,1,74930.89,0,72303.68,4,0,1,4,50.0,1,0,2,0,14.4,248082.42,0
309,20295.24,0,2,21520.02,0,1224.7799999999988,1,2,1,4,19.0,2,0,2,2,6.7,222578.65,0
293,23860.94,2,1,77564.72,0,53703.78,0,4,1,0,43.019823788546255,0,0,2,1,10.0,452330.28,0
0,8963.38,0,0,30132.41,0,21169.03,0,4,2,2,49.0,0,3,1,2,0.2,389737.38,0
96,9146.25,3,2,93690.45,0,84544.2,0,3,0,2,25.0,2,3,1,0,12.9,268497.78,0
403,39615.08,2,0,24477.3,0,0.0,2,1,2,2,55.0,0,3,2,0,3.4,350686.44,0
117,26110.42,1,2,97053.3,0,70942.88,2,1,2,2,30.0,2,0,0,0,2.4,264285.35,0
856,8358.26,1,1,32486.91,0,24128.65,3,1,2,5,43.019823788546255,1,2,1,0,4.7,461708.97,0
471,29393.31,3,0,8139.0,0,0.0,1,1,2,1,35.0,2,1,0,1,12.6,247250.24,0
125,6184.4,2,2,90750.65,0,84566.25,3,2,2,4,43.0,1,2,2,2,12.9,288473.43,0
612,3610.45,3,0,65500.05,0,61889.600000000006,3,0,1,5,27.0,1,5,2,0,9.1,125162.73,0
664,8006.41,1,1,6297.93,0,0.0,1,1,1,3,33.0,1,4,0,2,9.7,491894.62,0
689,19353.72,0,1,22788.78,1,3435.0599999999977,4,1,1,1,43.019823788546255,1,0,1,1,2.2,379448.61,0
449,16190.38,2,0,73887.74,0,57697.36000000001,4,1,2,4,43.019823788546255,1,3,2,2,7.9,64894.33,0
158,20269.68,2,0,11653.8,0,0.0,2,0,0,5,38.0,1,5,0,1,6.0,259260.95,0
220,20904.43,2,1,41698.27,0,20793.84,3,1,2,4,39.0,2,3,1,0,7.4,231847.05,0
928,3122.78,2,1,94312.05,0,91189.27,5,1,1,3,42.0,1,5,0,0,13.5,242655.69,0
694,32396.3,0,0,64039.41,0,31643.110000000004,3,4,1,1,54.0,2,2,2,2,0.1,428708.26,0
672,39527.37,1,2,83020.33,0,43492.96,1,3,1,5,52.0,1,0,2,0,4.2,11774.2,0
83,3547.98,1,0,53657.02,0,50109.03999999999,3,0,1,5,24.0,1,0,2,1,0.9,101248.49,0
470,166.85,3,0,15294.38,0,15127.53,0,1,1,2,49.0,1,5,2,0,2.5,430191.37,0
620,28493.7,1,2,60942.78,0,32449.08,3,1,2,0,63.0,1,3,2,1,4.1,307809.09,0
973,47370.16,2,2,68854.14,0,21483.98,0,2,1,0,23.0,1,0,0,1,14.1,455696.51,0
995,19862.64,2,0,40347.37,0,20484.730000000003,3,1,0,0,18.0,1,0,2,0,7.3,59969.56,0
40,47764.05,1,1,34027.07,0,0.0,1,3,0,1,43.019823788546255,2,1,2,1,15.0,250592.23,0
738,35823.14,2,0,71140.48,0,35317.34,3,1,1,2,36.0,0,5,0,1,11.7,416151.38,0
327,18184.81,0,2,1199.83,0,0.0,3,1,0,4,23.0,1,4,0,2,10.6,161208.86,0
966,2230.9,2,0,69377.3,0,67146.40000000001,2,4,2,1,33.0,1,1,2,2,5.7,92892.71,0
731,3405.41,0,2,51759.91,0,48354.5,2,1,1,3,30.0,1,3,1,1,1.9,385444.65,0
558,48386.58,1,1,78614.75,0,30228.17,2,1,2,1,41.0,1,4,2,2,12.7,254748.53,0
564,17210.85,0,2,63591.58,0,46380.73,3,1,1,3,28.0,1,5,0,1,7.1,251394.05,0
514,43451.59,1,0,70546.35,0,27094.76000000001,4,2,1,4,23.0,2,0,2,0,14.7,309280.31,0
461,12574.0,0,0,82018.59,0,69444.59,4,2,1,5,52.0,0,1,2,2,2.2,380875.27,0
666,16355.36,1,2,16709.21,0,353.84999999999854,5,1,2,5,47.0,1,4,2,2,6.9,427137.54,0
3,36054.61,3,1,63439.35,0,27384.74,3,4,1,3,47.0,2,1,2,2,9.3,217278.24,0
798,41348.6,2,2,97269.58,0,55920.98,3,1,1,3,31.0,0,0,2,2,10.6,306776.39,0
555,28566.68,1,1,47459.24,0,18892.56,5,2,1,5,56.0,1,1,2,2,0.0,184026.8,0
990,33594.34,0,0,24767.0,0,0.0,1,0,0,1,57.0,2,1,2,1,4.5,157337.98,0
80,13620.76,1,2,88284.59,0,74663.83,2,0,1,0,28.0,1,2,1,1,11.2,215781.45,0
523,18601.86,3,0,62315.0,0,43713.14,3,2,1,2,31.0,2,2,2,2,10.8,477345.4,0
178,12889.51,3,1,12454.43,0,0.0,3,1,0,2,44.0,1,4,2,2,0.6,443308.54,0
530,38998.95,3,1,62895.27,0,23896.32,3,0,2,3,23.0,2,4,0,1,1.5,374082.38,0
255,32866.34,3,0,14705.11,0,0.0,2,3,2,4,35.0,0,1,2,0,15.0,12199.21,0
71,41836.41,0,1,68076.55,0,26240.14,3,1,1,1,61.0,1,5,2,2,11.0,49355.02,0
883,43060.35,1,0,93966.65,1,50906.3,0,1,2,3,19.0,1,2,1,1,13.4,97215.6,1
746,35212.11,3,1,45617.96,0,10405.85,3,0,1,3,66.0,0,1,0,2,9.0,92981.94,0
910,38560.67,1,0,56234.82,0,17674.15,2,2,1,1,27.0,2,3,1,2,1.0,134529.47,0
81,32018.15,1,2,66150.18,0,34132.02999999999,3,2,1,0,64.0,1,3,2,2,7.3,207999.62,0
696,48874.45,1,2,6384.68,0,0.0,5,1,1,2,20.0,1,4,2,2,6.9,141891.54,0
136,24067.81,2,1,95294.24,0,71226.43000000001,4,2,1,1,26.0,1,1,2,0,7.6,29483.84,0
668,22325.62,3,2,53791.89,0,31466.27,4,1,1,0,40.0,2,2,2,1,6.2,37317.4,0
336,29740.07,2,0,75075.05,0,45334.98,5,4,1,2,19.0,0,4,1,2,14.3,149686.75,0
952,49335.31,1,1,47615.87,0,0.0,0,1,1,4,22.0,0,2,1,1,14.8,248583.32,0
14,37744.03,0,1,42032.5,0,4288.470000000001,5,3,1,4,44.0,1,2,2,2,7.2,79795.35,0
643,12466.58,2,1,22305.24,0,9838.660000000002,3,0,1,2,51.0,1,2,0,1,8.0,175586.26,0
909,23705.02,2,1,14231.41,0,0.0,3,4,2,4,43.019823788546255,1,1,2,1,11.0,255401.93,0
406,37754.15,3,1,23401.25,0,0.0,4,2,1,4,66.0,2,0,2,2,5.2,202467.22,0
539,21369.51,2,0,30298.35,0,8928.84,5,2,1,3,27.0,1,1,2,0,0.5,446910.0,0
733,17501.88,3,2,25466.02,0,7964.139999999999,0,0,2,2,56.0,1,1,2,0,5.4,158645.12,0
704,14202.98,2,1,76068.46,0,61865.48000000001,2,4,2,0,65.0,0,2,0,0,13.0,293376.26,0
341,1092.01,3,1,50655.99,0,49563.98,4,2,2,1,52.0,0,4,1,1,1.9,385683.72,0
569,1927.96,2,0,35177.77,1,33249.81,3,0,1,0,32.0,0,1,0,1,5.0,15390.41,0
811,39400.1,0,0,54532.72,0,15132.620000000004,1,3,1,1,45.0,2,1,2,2,14.8,242979.75,0
512,31879.72,0,2,92478.66,1,60598.94,2,0,2,2,59.0,0,5,2,1,11.4,372415.92,0
550,8160.98,0,2,49585.74,0,41424.76,3,1,1,3,30.0,0,1,2,1,5.1,406504.48,0
150,27608.54,0,1,55994.05,0,28385.51,1,1,1,5,27.0,0,3,0,2,0.0,497684.57,0
729,238408.95,2,2,77479.11,1,61585.18,5,4,0,2,44.0,1,3,1,1,0.8,421636.57,1
669,2486.74,2,0,55012.93,0,52526.19,5,0,0,5,43.019823788546255,0,4,2,2,1.9,319898.19,0
899,32525.86,0,1,27878.38,0,0.0,4,4,1,5,30.0,1,1,2,2,2.2,164510.71,0
521,42628.11,0,2,95891.29,0,53263.17999999999,0,0,2,4,53.0,2,3,0,0,5.6,453061.32,0
363,34596.32,2,2,10046.04,0,0.0,5,0,2,0,37.0,2,4,2,2,14.1,245480.07,0
839,30766.77,2,2,13081.02,0,0.0,3,0,0,4,43.019823788546255,1,0,0,0,3.9,200164.85,0
639,48085.2,0,1,10124.63,0,0.0,0,0,1,4,43.019823788546255,1,2,1,0,13.8,123523.31,0
164,8317.39,0,1,81824.67,0,73507.28,1,1,2,1,48.0,2,4,2,2,14.0,229754.02,0
424,30180.81,3,2,86450.42,0,56269.61,4,4,1,0,57.0,0,0,1,1,6.4,201928.22,0
660,36872.15,2,1,79563.49,0,42691.34,0,4,1,1,67.0,1,1,0,2,9.6,491423.74,0
109,33496.65,2,2,5479.67,1,0.0,3,1,1,3,34.0,2,4,2,1,8.0,358864.64,0
308,33486.05,3,1,98439.22,0,64953.17,1,2,0,3,20.0,1,4,2,2,6.2,48924.7,0
506,19051.96,0,0,48093.09,0,29041.13,1,0,1,2,63.0,0,4,1,0,4.0,277651.32,0
339,42319.95,3,1,13665.76,0,0.0,5,1,1,2,38.0,1,1,1,0,2.5,165998.97,0
208,48106.83,0,0,20908.77,0,0.0,0,1,1,2,45.0,1,1,2,1,14.6,262085.11,0
644,24264.68,0,1,54657.02,0,30392.34,3,3,0,0,61.0,1,4,1,2,14.3,439614.95,0
861,3934.38,1,0,53967.52,0,50033.14,5,4,2,1,43.019823788546255,1,0,2,1,0.2,341043.76,0
413,6657.2,2,2,50306.0,0,43648.8,4,4,2,2,22.0,2,1,2,2,1.0,490158.94,0
737,43598.05,1,1,62015.13,0,18417.079999999994,1,1,1,3,47.0,1,3,2,1,2.2,146589.66,0
141,36611.31,1,2,71303.13,0,34691.82000000001,4,2,0,4,40.0,0,1,0,2,3.4,461517.34,0
213,6466.01,3,1,54623.0,0,48156.99,0,4,0,4,66.0,1,5,2,2,12.6,161725.81,0
774,86364.75,0,2,31574.61,0,25816.96,1,0,1,2,43.0,1,1,0,2,13.8,426053.84,0
867,3543.08,1,1,22572.96,0,19029.88,4,4,1,4,18.0,1,1,2,0,1.7,474100.12,0
825,21130.7,0,0,91205.66,0,70074.96,5,4,1,4,51.0,0,5,0,1,10.9,301779.95,0
573,1759.69,3,2,18234.09,0,16474.4,3,2,1,4,23.0,1,5,2,0,9.0,176943.05,0
323,28159.38,1,1,96759.1,0,68599.72,3,4,2,5,47.0,1,3,1,0,14.0,218049.93,0
219,21163.32,2,2,70270.82,1,49107.50000000001,5,2,1,2,64.0,1,1,2,0,7.5,33592.25,0
868,46508.01,1,2,63566.88,0,17058.869999999995,3,4,1,3,55.0,1,0,1,2,0.6,167866.17,0
177,22870.09,3,1,70269.3,0,47399.21000000001,2,0,1,0,27.0,1,5,2,2,1.5,341167.55,0
26,36085.03,0,1,68240.72,0,32155.69,2,3,1,3,41.0,1,5,2,2,3.6,3315.38,0
230,12245.16,1,0,34410.55,0,22165.390000000003,1,0,0,4,53.0,1,5,1,0,0.2,484000.83,0
601,34674.1,1,1,94310.6,0,59636.50000000001,3,4,2,5,35.0,0,5,2,2,12.8,60018.72,0
574,19896.04,3,1,43623.48,0,23727.44,4,0,0,4,54.0,1,3,2,0,13.9,194392.82,0
357,14432.08,0,1,80548.29,0,66116.20999999999,2,2,1,1,23.0,1,5,1,1,14.0,151352.41,0
351,12748.52,2,1,40874.81,0,28126.29,1,1,1,3,51.0,1,1,2,1,14.7,52176.68,0
961,17159.09,2,1,16743.48,0,0.0,0,0,1,2,43.019823788546255,2,1,0,1,6.1,44679.95,0
950,25782.93,1,1,63171.34,0,37388.41,5,2,2,2,42.0,1,1,2,1,13.1,56136.41,0
905,45716.11,2,0,99643.43,0,53927.31999999999,2,1,1,1,59.0,2,2,0,0,8.9,348628.04,0
504,45535.67,1,2,67533.55,0,21997.880000000005,2,1,1,5,62.0,0,4,2,0,3.2,340390.49,0
297,39785.74,2,2,3498.5,0,0.0,3,1,2,0,25.0,2,1,2,0,5.1,80859.25,0
88,41601.56,0,0,36158.03,0,0.0,5,0,1,1,42.0,0,0,0,1,13.1,495811.96,0
753,29971.52,0,2,18036.83,0,0.0,1,4,1,1,23.0,1,1,1,2,11.4,25932.43,0
894,29684.27,2,1,74315.91,0,44631.64,0,2,0,2,44.0,1,4,0,0,13.8,242933.65,0
682,20192.9,3,2,13396.84,0,0.0,5,3,0,3,21.0,0,1,2,1,13.1,264603.86,0
568,5808.34,2,0,8586.94,0,2778.6000000000004,1,4,0,0,58.0,1,2,2,1,7.8,450690.24,0
451,22346.11,0,0,56692.96,1,34346.85,5,0,2,3,43.019823788546255,2,3,1,1,4.9,349951.4,0
89,20089.34,2,0,14571.86,0,0.0,4,1,1,4,40.0,1,2,2,2,2.2,59374.96,0
159,133282.65,3,0,55199.68,0,46314.17,5,1,0,5,35.0,1,3,0,1,2.8,435279.47,0
595,5210.28,0,0,70154.53,0,64944.25,1,3,1,3,42.0,2,1,0,0,8.3,22583.73,0
670,18379.46,3,1,73654.43,0,55274.97,3,1,1,2,49.0,1,5,2,2,14.7,130664.71,0
318,39405.7,3,2,3697.75,0,0.0,0,2,1,4,36.0,0,1,1,2,3.5,376833.21,0
157,30632.29,2,1,45904.32,0,15272.03,5,0,1,4,53.0,1,0,2,0,4.7,56860.27,0
423,41318.97,0,1,61522.32,0,20203.35,2,4,0,5,35.0,1,2,2,1,9.6,133239.04,0
254,1193.55,0,2,31868.41,0,30674.86,3,0,0,4,39.0,2,1,1,1,3.4,30078.96,0
773,33122.49,1,0,61232.48,0,28109.990000000005,2,4,1,2,66.0,1,1,1,0,2.7,393363.42,0
679,69055.05,3,1,67751.63,0,63147.96000000001,2,4,2,2,43.019823788546255,1,2,2,1,6.3,155164.64,0
7,48169.17,0,1,56317.83,0,8148.6600000000035,3,3,2,5,22.0,1,1,2,0,3.2,229111.42,0
292,26536.74,3,2,83058.26,0,56521.51999999999,4,1,1,2,42.0,1,0,2,2,1.0,35295.1,0
880,21255.14,1,0,46106.3,0,24851.160000000003,5,0,0,2,50.0,0,1,2,0,0.3,39113.47,0
967,6132.01,2,2,5631.8,0,0.0,0,1,1,5,55.0,1,2,2,2,7.6,204323.25,0
299,123626.55,2,0,83545.4,0,75303.62999999999,0,0,1,4,33.0,1,4,2,1,1.8,290110.38,0
903,13048.66,1,2,88274.78,0,75226.12,2,4,0,2,48.0,2,2,1,0,8.7,166350.14,0
39,18266.63,2,1,23946.58,0,5679.950000000001,3,3,1,4,47.0,0,0,0,0,5.0,278460.3,0
217,35895.91,1,2,30083.81,0,0.0,0,3,0,3,62.0,1,0,2,1,6.4,240736.82,0
979,4483.93,3,1,36792.6,0,32308.67,5,2,0,5,29.0,1,5,2,0,5.4,153584.43,0
959,42648.45,2,2,27492.48,0,0.0,4,0,0,2,66.0,2,1,2,2,8.1,393438.67,0
365,503.17,3,0,77655.97,1,77152.8,1,1,1,3,60.0,1,1,2,2,7.0,57664.96,0
577,25082.59,2,0,58070.77,0,32988.17999999999,2,2,0,1,24.0,1,3,2,1,8.2,260237.76,0
525,125408.4,3,2,74829.58,0,66469.02,4,1,1,0,32.0,1,3,0,1,10.3,227349.23,0
935,29128.3,1,2,71571.75,0,42443.45,3,1,0,1,50.0,1,4,2,2,3.8,422819.83,0
300,5373.61,2,0,55140.72,0,49767.11,3,3,2,0,60.0,2,0,2,2,14.8,151222.78,0
265,36228.05,0,2,38533.64,0,2305.5899999999965,4,0,1,3,62.0,1,1,0,2,9.8,472694.77,0
444,37979.25,2,1,13216.68,0,0.0,1,1,0,5,67.0,1,1,2,2,10.4,93959.43,0
686,24020.86,2,2,89098.49,0,65077.630000000005,5,2,1,3,19.0,0,1,2,0,13.3,455715.01,0
655,24738.98,0,2,91240.61,0,66501.63,4,3,0,4,24.0,0,3,2,2,2.7,267369.26,0
770,12986.18,0,0,21163.05,0,8176.869999999999,5,0,2,0,21.0,2,1,2,2,3.5,245789.99,0
927,18996.32,2,1,50607.7,0,31611.38,1,0,1,0,50.0,1,4,2,2,9.0,170336.1,0
207,3202.3,1,0,14650.64,0,11448.34,0,0,1,1,46.0,1,1,0,1,6.6,483921.7,0
396,14737.53,3,2,21334.74,0,6597.210000000001,4,3,0,5,52.0,1,0,0,1,1.0,80554.9,0
77,20157.37,1,0,62107.65,0,41950.28,3,0,1,1,56.0,1,2,0,1,2.0,151164.1,0
122,11766.34,1,0,58084.79,0,46318.45,3,4,2,1,49.0,0,4,2,0,5.8,20326.08,0
519,29475.97,2,1,75189.65,1,45713.67999999999,0,1,1,3,41.0,1,0,2,2,8.5,238780.58,0
401,4391.9,2,2,46344.2,0,41952.3,3,2,0,0,45.0,2,5,2,0,6.7,311043.84,0
955,21958.43,2,2,64615.18,0,42656.75,4,1,0,0,47.0,2,1,1,1,14.5,417662.9,0
387,48067.7,3,2,43181.03,0,0.0,3,1,2,0,43.0,0,3,2,0,1.8,138201.01,0
534,29067.56,3,2,29959.13,0,891.5699999999997,3,1,2,4,43.0,1,0,1,2,2.4,398704.73,0
225,38703.03,2,2,61613.56,0,22910.53,0,3,2,5,44.0,0,1,0,1,11.2,320394.76,0
728,26406.0,0,2,98222.9,0,71816.9,3,2,2,4,22.0,0,2,0,1,14.2,37881.68,0
500,41128.55,0,1,20784.29,0,0.0,3,1,0,1,65.0,1,2,2,1,4.0,159247.64,0
248,523.8,3,1,79153.79,0,78629.98999999999,3,3,1,5,51.0,1,4,0,0,9.3,450509.87,0
499,47467.87,3,0,78890.18,0,31422.30999999999,3,3,1,5,63.0,1,5,2,0,7.7,116316.75,0
818,36905.9,3,2,42037.09,0,5131.189999999995,5,4,2,5,45.0,2,1,2,1,10.8,311986.62,0
629,11406.18,3,2,18839.38,1,7433.200000000001,2,3,0,3,37.0,1,4,2,0,0.7,375859.66,0
963,20292.14,2,2,44400.11,0,24107.97,5,4,1,1,31.0,1,1,0,2,7.2,237197.84,0
486,26032.4,3,1,2311.85,0,0.0,5,4,2,5,59.0,2,4,1,1,7.0,443921.56,0
343,14976.85,2,0,94925.7,0,79948.84999999999,1,1,2,1,64.0,1,1,1,2,14.3,378761.61,0
18,32282.23,2,2,68533.16,0,36250.93000000001,3,0,1,3,64.0,1,4,1,1,10.6,75264.39,0
112,25300.12,2,0,21239.62,0,0.0,0,3,1,3,57.0,1,0,2,2,3.3,3989.6,0
436,5659.6,1,2,79653.6,0,73994.0,0,1,1,2,69.0,1,4,2,2,0.8,127610.88,0
791,23438.18,3,0,36229.62,0,12791.440000000002,0,4,1,1,23.0,0,0,2,2,3.0,73076.67,0
62,44547.15,2,2,71994.94,0,69025.13,2,1,2,4,59.0,1,4,2,0,12.4,350539.78,0
375,13651.48,2,2,94185.97,0,80534.49,3,0,2,3,19.0,0,0,2,0,8.0,344505.33,0
524,33099.68,2,2,46722.5,0,13622.82,4,1,2,2,22.0,2,4,0,2,0.4,53025.95,0
124,15647.98,1,1,12364.9,0,0.0,5,3,1,3,31.0,1,1,2,2,13.8,22959.41,0
276,48728.64,0,0,77457.8,0,28729.160000000003,0,1,2,3,62.0,0,3,2,0,7.0,95491.43,0
36,31267.55,0,2,9308.03,0,0.0,2,0,2,2,68.0,2,0,2,2,3.1,344516.74,0
619,36773.87,0,0,5156.56,0,0.0,3,0,1,0,59.0,0,2,2,1,0.0,110755.37,0
447,32543.06,2,0,94521.91,0,61978.850000000006,1,4,2,4,67.0,1,3,0,2,14.6,80691.72,0
18,46763.33,2,2,6999.89,0,0.0,5,1,1,4,68.0,1,4,2,1,6.0,238908.16,0
454,38016.7,2,2,20905.45,0,0.0,3,1,1,4,65.0,1,0,1,2,4.2,405437.85,0
1,37724.96,3,1,96898.79,0,59173.83,3,1,1,3,19.0,1,0,1,0,2.4,102568.53,0
345,49062.76,1,0,87437.78,1,38375.02,1,4,0,2,19.0,0,5,2,0,13.6,64836.11,1
90,4526.84,3,2,33888.35,0,29361.51,1,2,1,1,30.0,0,0,2,1,13.6,172724.16,0
315,11889.54,0,1,31058.77,0,19169.23,3,1,2,4,54.0,0,0,0,2,1.5,486312.87,0
477,28779.41,0,0,84641.37,0,55861.95999999999,5,3,2,5,59.0,2,3,2,0,11.4,476495.76,0
392,28902.72,2,0,32338.42,0,3435.699999999997,1,4,1,5,43.019823788546255,1,5,2,2,5.5,275851.29,0
838,7097.04,3,2,7765.08,0,668.04,1,4,1,2,43.019823788546255,1,0,2,0,3.5,259821.09,0
547,16894.5,1,1,82426.97,0,65532.47,3,4,1,1,51.0,0,4,1,2,14.9,415829.7,0
758,21690.68,0,0,93902.96,0,72212.28,3,1,0,0,69.0,2,3,0,1,9.0,494370.63,0
875,11469.83,3,0,76091.69,0,64621.86,4,0,1,2,35.0,2,1,2,0,7.8,332459.41,0
873,29893.92,2,0,64264.18,1,34370.26,3,4,0,2,44.0,1,1,1,2,2.6,275211.64,0
637,47367.53,3,0,72710.1,0,25342.570000000007,3,3,2,2,34.0,1,5,2,2,1.2,38005.81,0
628,25047.24,2,0,63005.91,0,37958.67,3,0,2,4,37.0,2,3,2,1,14.7,133075.42,0
611,26352.59,1,0,2136.59,0,0.0,3,1,2,5,48.0,0,1,1,0,2.5,59550.6,0
162,18753.05,0,1,44097.1,0,25344.05,1,3,0,2,20.0,1,2,1,1,14.7,231675.91,0
495,18271.67,1,1,16472.09,0,0.0,0,3,1,3,43.019823788546255,0,4,2,0,7.2,195104.82,0
442,4562.33,3,1,60112.48,0,55550.15,5,2,0,1,46.0,1,4,2,0,7.6,312255.95,0
314,62569.5,3,2,86500.5,0,82329.2,1,3,2,1,49.0,1,5,1,0,11.5,388948.11,0
353,38811.21,0,0,16401.57,0,0.0,5,4,0,3,56.0,1,4,2,0,0.8,266949.97,0
264,37931.7,0,0,28822.77,0,0.0,5,2,1,2,22.0,2,2,2,1,10.0,483675.47,0
153,16577.92,2,1,87665.16,0,71087.24,5,2,0,0,52.0,0,2,2,2,13.4,147548.81,0
597,26506.6,1,0,80911.74,0,54405.14000000001,5,3,1,4,64.0,2,5,2,2,8.8,356181.05,0
697,43239.79,3,1,31144.76,0,0.0,1,0,0,0,43.019823788546255,2,0,0,0,14.4,148507.66,0
231,5084.69,3,0,35115.8,1,30031.110000000004,4,1,2,5,44.0,2,1,2,0,9.1,15491.63,0
488,20477.31,3,2,94971.65,0,74494.34,3,4,0,0,58.0,0,1,1,2,8.5,339871.09,0
981,17994.57,0,2,35359.17,0,17364.6,4,4,2,0,18.0,1,0,2,0,1.0,365219.17,0
228,48134.33,1,1,18038.95,0,0.0,4,4,1,1,32.0,2,2,0,2,5.4,337657.71,0
892,8004.32,3,2,93423.54,0,85419.22,1,4,0,1,18.0,0,5,0,0,5.0,57227.83,0
194,7131.63,0,0,85757.12,0,78625.48999999999,2,2,0,1,30.0,1,1,2,0,3.1,383252.93,0
435,6060.92,0,1,76715.3,1,70654.38,5,4,1,2,58.0,1,4,2,2,2.4,99816.43,0
29,2791.39,1,1,81123.12,0,78331.73,3,3,2,5,21.0,1,4,2,0,3.5,224568.27,0
509,41541.19,1,1,12589.54,0,0.0,1,1,2,5,51.0,2,2,2,2,13.4,477959.61,0
41,25828.15,0,0,45192.3,0,19364.15,1,1,1,1,50.0,1,1,2,1,12.6,437213.29,0
649,5490.47,3,1,75619.67,0,70129.2,1,0,2,1,43.0,2,1,2,1,9.2,416326.65,0
54,42875.14,2,0,78593.47,0,35718.33,3,1,2,0,30.0,2,3,1,0,7.3,200651.44,0
130,24245.7,0,0,46032.37,0,21786.67,4,3,2,3,40.0,0,1,0,2,2.9,424611.12,0
404,11594.99,2,1,56398.31,0,44803.32,1,1,1,3,67.0,1,1,0,1,7.8,143174.51,0
183,17461.25,0,2,60427.86,0,42966.61,0,2,0,4,25.0,1,3,2,0,1.9,65193.18,0
21,10218.74,3,0,69429.97,1,59211.23,5,1,0,5,60.0,2,3,2,1,2.2,18137.19,0
214,14902.88,1,2,31991.96,0,17089.08,3,0,2,3,43.019823788546255,2,4,2,1,8.6,240126.86,0
598,15014.82,1,1,41753.89,0,26739.07,3,3,1,3,19.0,2,1,2,0,5.5,72559.66,0
278,28642.77,3,0,79654.08,0,51011.31,2,1,1,2,18.0,0,4,2,1,4.1,327224.18,0
813,45891.74,2,1,34637.25,0,0.0,2,3,1,4,67.0,1,3,1,2,11.6,343748.12,0
304,26635.64,0,2,74418.66,0,47783.02,5,1,1,1,37.0,2,1,2,0,5.4,260119.45,0
274,14469.85,1,1,24471.39,0,10001.54,3,4,1,5,49.0,0,4,2,2,2.0,247269.48,0
68,13763.29,1,2,36320.1,0,22556.81,3,3,2,4,43.019823788546255,1,2,0,2,11.4,181253.63,0
707,41552.32,0,1,73216.91,0,31664.590000000004,2,0,1,5,18.0,1,2,2,2,5.1,204445.3,0
139,28673.42,0,0,33878.87,0,5205.450000000004,4,4,1,4,60.0,1,3,0,2,10.8,306075.32,0
945,22877.16,0,2,52242.03,0,29364.87,1,4,1,0,22.0,0,3,2,0,9.7,444438.29,0
352,26275.32,1,0,71749.49,0,45474.170000000006,0,0,1,0,33.0,2,2,2,0,10.9,188171.82,0
854,2394.92,3,1,68210.87,0,65815.95,0,2,2,3,52.0,0,0,0,2,10.7,252886.78,0
503,26647.44,3,0,2658.87,0,0.0,4,2,1,3,40.0,1,3,1,2,2.8,391433.74,0
627,25510.73,0,2,16672.09,0,0.0,1,0,1,2,58.0,1,3,0,1,1.1,251040.16,0
13,36622.62,3,0,65745.42,0,29122.8,5,1,2,5,64.0,1,5,2,1,6.3,390514.88,0
582,24213.56,0,0,98778.3,1,74564.74,1,1,1,4,52.0,2,2,2,2,7.6,319574.4,0
295,15606.64,2,0,84484.53,0,68877.89,4,1,1,3,54.0,2,2,2,2,8.5,307392.84,0
190,21545.34,1,1,83813.35,0,62268.01000000001,4,1,1,3,36.0,0,2,0,0,4.9,426065.63,0
556,26145.61,3,1,63589.44,0,37443.83,4,2,2,4,27.0,0,0,2,0,3.9,11152.03,0
769,10556.96,3,1,86243.48,0,75686.51999999999,1,2,1,1,35.0,1,1,1,2,8.3,88970.47,0
815,268832.7,3,1,92579.67,0,74657.48999999999,3,1,2,4,41.0,1,5,0,0,8.2,480015.87,0
767,21114.11,0,1,66834.46,0,45720.350000000006,2,4,2,0,68.0,1,2,0,0,10.1,266947.36,0
402,5517.91,2,1,75632.64,0,70114.73,4,2,2,3,43.0,2,3,0,1,8.9,319840.62,0
776,2179.53,1,2,38842.97,0,36663.44,0,3,1,4,63.0,1,4,2,1,9.8,376655.98,0
25,23011.09,0,2,83530.67,0,60519.58,5,4,0,0,55.0,2,2,0,2,11.5,414186.66,0
147,3277.6,2,1,14108.06,0,10830.46,3,1,2,1,56.0,2,1,1,1,13.4,448382.62,0
842,20824.57,3,1,77815.24,0,56990.670000000006,2,4,1,3,31.0,2,1,0,1,1.7,63279.88,0
160,40796.64,3,2,54759.12,0,13962.480000000003,4,1,0,0,43.019823788546255,2,1,0,2,6.2,85257.98,0
457,44255.67,0,1,8686.44,0,0.0,4,1,0,5,45.0,0,1,0,2,12.9,17086.67,0
510,16452.64,2,1,70704.24,0,54251.600000000006,1,2,0,2,26.0,1,2,0,2,6.6,372802.96,0
632,28587.38,1,0,73194.24,0,44606.86,3,1,1,1,47.0,0,2,2,0,14.8,305302.95,0
806,19637.95,2,1,39234.99,0,19597.04,4,0,0,0,32.0,1,1,2,1,4.3,265570.69,0
784,16233.3,2,0,69883.95,0,53650.65,2,3,0,1,43.019823788546255,1,1,2,1,9.9,370569.11,0
616,24898.37,1,2,99629.97,0,74731.6,1,1,0,3,57.0,2,5,1,2,7.6,350840.08,0
23,23989.98,3,1,59814.2,0,35824.22,2,4,1,3,66.0,0,2,2,1,15.0,9392.38,0
859,45033.59,1,0,74539.67,0,29506.08,1,2,1,3,56.0,1,1,2,0,0.9,186355.41,0
329,34022.59,2,0,87428.92,1,53406.33,1,4,1,0,33.0,2,3,2,1,3.4,257657.45,0
511,8317.75,1,2,78434.96,0,70117.21,2,4,1,3,60.0,1,3,0,2,2.9,415133.13,0
705,28297.14,0,1,78292.45,0,49995.31,0,2,2,3,43.019823788546255,1,3,2,2,11.7,207577.7,0
138,43237.21,3,0,57749.1,0,14511.89,5,2,1,0,43.019823788546255,0,0,1,1,1.9,329816.44,0
829,6145.65,3,0,75252.81,1,69107.16,4,1,2,1,22.0,1,3,2,0,3.2,168954.09,0
187,33147.93,0,2,8571.52,0,0.0,0,1,2,4,67.0,0,0,2,0,5.9,150421.73,0
405,15720.7,2,1,24675.11,0,8954.41,3,1,1,1,41.0,0,5,2,0,7.4,87598.12,0
52,3912.19,3,1,31886.42,0,27974.23,1,2,2,0,32.0,0,1,2,1,13.8,289619.0,0
143,44215.74,0,0,57965.53,0,13749.79,3,1,1,2,67.0,2,3,0,2,13.8,214399.42,0
703,27141.07,1,2,28568.6,1,1427.5299999999988,5,1,1,3,27.0,1,1,2,1,10.9,3502.16,0
786,38605.5,2,0,63583.79,0,24978.29,5,4,0,4,32.0,0,2,1,2,2.9,463884.82,0
224,33808.27,0,0,30212.16,0,0.0,1,3,2,3,29.0,1,5,2,2,0.3,108813.95,0
24,23770.58,3,0,79159.74,0,55389.16,3,4,1,0,68.0,1,3,2,2,14.7,474661.07,0
479,17333.53,0,0,46655.52,0,29321.99,1,0,2,3,58.0,1,4,0,2,2.7,191668.93,0
937,47576.35,2,2,85445.22,1,37868.87,3,2,1,5,57.0,2,5,1,2,11.7,368856.16,1
244,33587.66,1,2,34801.1,0,1213.439999999995,2,1,1,0,62.0,0,1,2,1,4.1,325418.95,0
874,4630.38,0,0,63829.29,1,59198.91,3,4,1,1,31.0,0,5,2,1,6.4,241024.87,0
609,17989.59,1,0,53458.24,0,35468.649999999994,5,4,2,4,41.0,1,3,2,2,0.5,83431.32,0
191,30886.72,0,2,75193.17,0,44306.45,3,1,1,3,66.0,1,2,1,2,3.7,400757.16,0
202,6793.31,1,0,26082.36,0,19289.05,4,3,1,2,36.0,1,0,1,1,13.6,271992.11,0
648,27929.11,2,2,94101.5,0,66172.39,0,2,0,2,43.019823788546255,0,2,1,0,0.7,15930.28,0
186,16649.12,3,0,68661.92,0,52012.8,3,1,0,2,44.0,1,2,2,1,10.9,91216.69,0
836,4808.31,2,1,98686.18,0,93877.87,4,4,0,4,55.0,2,4,2,2,10.0,104350.0,0
176,23686.85,3,2,92531.54,0,68844.69,4,1,0,0,26.0,2,0,0,0,8.8,293754.3,0
962,101002.5,0,1,88551.16,0,81817.66,0,1,1,2,46.0,2,2,2,2,5.9,323878.46,0
977,43356.34,0,0,55230.68,1,11874.340000000004,3,4,1,5,35.0,1,1,2,2,6.9,52471.98,1
869,31528.93,3,2,93582.04,0,62053.10999999999,3,3,1,1,33.0,1,2,2,1,6.5,445008.57,0
915,31917.36,3,0,15083.27,0,0.0,2,3,0,4,32.0,1,4,1,0,4.6,461562.37,0
354,111.77,3,0,86483.11,0,86371.34,4,4,1,1,24.0,1,1,0,0,11.1,77173.5,0
972,3777.76,3,1,46996.7,0,43218.94,4,4,0,1,54.0,0,2,0,0,9.5,416173.88,0
456,19982.35,0,1,83102.11,0,63119.76,4,1,2,5,69.0,1,3,1,0,3.1,391850.82,0
167,31677.82,0,1,5262.19,0,0.0,3,3,1,3,63.0,1,3,2,1,2.6,248532.57,0
857,9556.73,1,2,41674.85,0,32118.12,1,3,1,0,42.0,2,0,0,2,4.8,145116.95,0
394,15677.1,3,1,44887.34,0,29210.24,2,4,1,1,32.0,1,4,0,1,12.4,305260.25,0
792,31416.11,1,2,28299.98,0,0.0,3,4,0,5,51.0,1,4,2,2,5.0,8315.17,0
439,12448.91,2,0,62877.89,0,50428.98,3,3,2,5,53.0,2,3,2,0,4.3,256363.12,0
379,38573.77,3,0,67434.47,0,28860.700000000004,3,0,1,3,30.0,2,0,1,1,9.0,477856.02,0
205,5154.57,0,2,46690.77,0,41536.2,3,3,0,2,30.0,1,4,0,2,13.8,435009.01,0
407,48040.99,2,2,94136.56,0,46095.57,2,1,1,3,43.019823788546255,1,5,0,2,0.6,383336.95,0
324,32767.72,0,2,94295.96,0,61528.240000000005,3,3,1,5,37.0,0,3,0,1,0.3,137147.26,0
154,1884.76,0,2,95192.76,1,93308.0,5,0,1,4,27.0,1,1,2,2,3.1,177464.58,0
828,29533.68,2,1,1529.27,0,0.0,5,0,1,4,43.019823788546255,0,3,2,0,11.1,174056.51,0
939,42414.0,0,0,64521.56,0,22107.56,4,3,1,3,68.0,0,0,2,0,3.1,163672.04,0
604,41540.59,2,1,12314.29,0,0.0,1,2,1,2,38.0,1,1,2,0,11.3,370915.32,0
237,6403.63,1,2,43667.41,0,37263.780000000006,2,1,2,1,34.0,0,2,2,2,1.3,274193.29,0
518,14885.29,3,1,25129.22,0,10243.93,0,3,2,2,29.0,0,2,0,1,7.4,147526.2,0
844,49774.25,1,0,26139.84,0,0.0,0,2,1,5,61.0,2,2,2,1,14.0,477544.28,0
599,35443.17,2,0,58882.14,0,23438.97,3,0,1,4,43.019823788546255,1,1,1,2,3.3,464595.24,0
501,49607.06,1,1,8407.3,0,0.0,1,0,0,0,34.0,2,5,2,1,7.2,240714.46,0
289,18179.07,1,0,9190.67,0,0.0,4,2,2,0,45.0,1,4,2,2,8.4,362652.15,0
740,44918.17,2,0,5360.0,0,0.0,5,0,1,1,43.019823788546255,1,5,2,1,3.7,232009.79,0
383,36708.8,3,0,37578.71,0,869.9099999999962,0,0,0,0,54.0,2,1,1,0,11.2,445563.11,0
179,39658.16,3,1,6467.03,0,0.0,0,0,1,4,52.0,1,1,2,1,4.1,481512.71,0
145,37406.19,1,0,13611.26,0,0.0,5,4,0,4,67.0,0,2,2,2,14.6,272321.51,0
800,16640.71,1,2,61975.28,0,45334.57,1,2,0,2,43.0,0,0,2,1,10.5,23414.77,0
148,47046.72,0,1,52673.35,0,5626.629999999997,4,1,2,5,43.019823788546255,0,4,2,1,3.0,176059.96,0
801,41084.57,3,1,82765.85,0,41681.280000000006,1,1,2,4,43.019823788546255,0,5,2,2,10.0,153704.3,0
615,17725.88,1,2,36131.22,1,18405.34,1,1,1,3,33.0,2,1,1,2,5.6,324683.48,0
566,2085.67,1,2,58865.48,0,56779.810000000005,0,4,1,4,60.0,2,1,2,2,5.1,181116.4,0
744,38557.02,0,1,8637.37,0,0.0,0,0,1,1,28.0,1,4,1,1,5.8,354385.15,0
925,49517.55,0,2,39095.56,0,0.0,0,4,1,1,29.0,1,2,2,2,0.0,491826.67,0
783,7043.93,2,0,67396.88,0,60352.95,4,1,0,4,43.019823788546255,2,1,1,0,4.1,230778.09,0
272,17292.35,2,1,45459.39,0,28167.04,5,0,2,4,27.0,0,2,2,2,1.6,30135.69,0
678,26348.63,1,0,44128.83,1,17780.2,0,1,0,1,48.0,1,3,1,2,14.5,429528.3,0
551,40761.97,1,1,86270.64,0,45508.67,1,1,0,5,43.019823788546255,1,4,2,2,11.9,467577.0,0
229,17744.1,0,0,50547.25,0,32803.15,4,3,1,4,33.0,1,4,2,2,11.1,452249.57,0
683,43900.66,0,0,1637.09,0,0.0,2,3,2,1,28.0,0,0,1,2,4.8,429438.36,0
581,14105.48,2,0,48446.75,0,34341.270000000004,4,0,1,4,47.0,0,3,2,2,4.0,105305.12,0
6,23670.95,0,1,28031.02,0,4360.07,0,1,0,3,18.0,0,0,1,0,10.8,68398.41,0
667,918.12,2,2,51504.69,0,50586.57,5,1,1,5,49.0,1,3,1,2,12.1,309118.8,0
467,43038.57,1,1,2959.77,0,0.0,5,1,1,4,21.0,1,3,2,2,3.6,75890.31,0
750,77908.8,0,0,78741.61,1,73547.69,0,3,1,4,56.0,2,5,2,2,14.9,9955.43,1
596,23195.87,1,0,87542.9,0,64347.03,5,4,0,3,43.0,0,5,2,0,1.5,217370.35,0
10,967.46,2,1,44862.88,0,43895.42,5,2,1,1,25.0,1,1,2,1,3.2,315894.27,0
855,11483.29,0,1,78315.42,0,66832.13,1,0,2,1,44.0,1,1,0,1,9.7,50840.89,0
630,27447.56,0,0,67765.57,0,40318.01000000001,4,3,0,5,63.0,1,1,1,2,6.8,157778.93,0
32,43013.33,2,0,51545.62,0,8532.29,1,1,1,4,44.0,0,3,0,1,0.9,253522.23,0
942,31507.41,0,0,67651.4,0,36143.98999999999,4,0,1,1,24.0,0,0,2,0,6.2,57273.85,0
971,17609.43,1,1,78949.96,0,61340.530000000006,2,3,1,3,57.0,0,1,2,2,1.4,380905.11,0
834,34064.69,0,2,69972.82,0,35908.130000000005,5,1,1,3,20.0,2,1,0,2,1.7,121649.21,0
572,45330.36,1,2,7930.35,0,0.0,0,1,1,5,61.0,2,3,2,2,4.4,360233.31,0
538,2632.26,1,2,69016.88,0,66384.62000000001,5,3,1,0,32.0,1,0,2,1,0.7,281857.06,0
466,37226.74,2,0,91651.55,0,54424.810000000005,3,1,1,1,56.0,2,5,2,0,3.5,131551.88,0
821,48107.99,2,1,45597.38,0,0.0,3,2,0,5,65.0,2,2,2,0,8.3,212252.52,0
135,40943.04,3,0,85405.91,0,44462.87,3,1,1,0,31.0,1,4,1,1,5.6,161354.39,0
116,37674.65,2,2,33200.14,0,0.0,5,1,1,1,61.0,2,4,2,1,1.2,214850.48,0
103,11771.97,3,2,31857.29,0,20085.32,3,2,2,4,43.019823788546255,0,2,2,1,0.8,313405.77,0
311,20025.27,0,2,5108.42,0,0.0,4,4,2,2,34.0,2,4,2,0,3.3,493465.47,0
757,29734.82,2,0,53634.44,0,23899.620000000003,3,3,2,1,23.0,0,2,0,1,13.5,439156.33,0
888,30443.9,3,2,22607.73,0,0.0,1,0,2,1,41.0,2,4,2,2,2.1,470386.19,0
283,303.85,3,1,74565.07,0,74261.22,5,4,1,0,33.0,2,5,0,2,1.3,294488.68,0
549,43673.17,3,2,83624.5,0,39951.33,4,1,1,4,19.0,0,1,2,1,13.3,203328.81,0
469,24929.63,2,1,81907.98,0,56978.34999999999,2,1,2,1,34.0,2,1,0,1,6.4,238284.64,0
923,15910.7,2,2,65175.35,0,49264.65,5,1,1,2,58.0,2,5,2,0,0.8,266973.64,0
879,29254.3,0,1,42198.39,0,12944.09,3,2,1,3,46.0,0,5,0,1,12.0,366876.92,0
957,8574.7,0,2,5971.23,0,0.0,4,0,0,1,64.0,1,5,2,2,10.7,499543.43,0
75,208856.1,3,2,22478.67,0,8554.929999999998,3,0,0,1,43.019823788546255,1,5,2,0,6.9,55333.21,0
131,38554.16,1,1,86995.32,0,48441.16,4,4,0,0,25.0,1,4,1,2,0.3,452337.94,0
42,22712.0,0,0,47116.75,1,24404.75,2,1,1,3,21.0,1,1,2,2,2.1,81338.03,0
687,9270.03,0,1,60363.13,0,51093.1,3,2,1,0,51.0,1,0,1,0,9.6,95209.93,0
794,31916.14,2,0,46776.73,0,14860.590000000004,2,2,2,1,43.019823788546255,1,1,2,1,2.3,299651.65,0
173,26746.07,0,1,78701.32,0,51955.25000000001,5,2,1,3,44.0,1,0,2,2,5.5,476398.14,0
808,41264.11,2,0,25702.91,0,0.0,0,3,0,2,52.0,1,1,2,1,6.9,271671.23,0
636,40352.16,0,0,59940.61,0,19588.45,2,0,1,1,42.0,1,1,1,1,12.3,105903.55,0
805,29441.21,1,0,16442.11,0,0.0,1,1,0,0,67.0,1,5,2,0,10.9,87646.38,0
908,43217.6,1,0,76750.87,0,33533.27,1,4,0,0,43.0,2,1,0,1,1.9,138511.98,0
713,15764.1,3,2,78724.67,0,62960.57,2,1,1,5,50.0,0,1,1,0,12.1,69330.93,0
717,28055.83,2,1,32542.29,0,4486.459999999999,1,2,2,3,59.0,0,3,2,2,6.4,288734.92,0
359,4397.6,0,1,68133.27,0,63735.670000000006,1,4,2,4,43.019823788546255,1,2,2,0,7.9,481615.34,0
306,24255.85,0,1,32451.78,0,8195.93,4,1,2,1,37.0,1,2,1,2,4.0,93118.07,0
715,47579.92,1,0,81215.6,0,33635.68000000001,4,4,1,2,29.0,0,1,0,2,11.3,454675.39,0
953,31645.4,2,1,22750.97,0,0.0,1,1,1,4,22.0,2,1,2,0,12.8,252171.01,0
120,26776.73,1,0,39677.53,0,12900.8,5,3,1,1,43.019823788546255,2,3,2,2,7.7,377446.03,0
993,36234.91,3,2,67010.42,0,30775.509999999995,5,1,1,5,19.0,0,4,1,1,8.0,81492.47,0
480,18623.08,0,1,46848.36,0,28225.28,0,1,1,5,61.0,1,1,1,0,11.8,228063.77,0
517,39145.67,3,1,38582.06,0,0.0,5,2,2,1,48.0,2,4,2,2,4.0,37832.65,0
100,26354.86,3,2,34264.7,0,7909.8399999999965,1,0,1,5,50.0,1,3,2,2,14.8,282738.03,0
15,31483.48,1,0,82222.26,0,50738.78,1,1,1,4,21.0,1,1,0,0,1.3,486635.79,0
823,4473.35,3,0,13200.02,0,8726.67,3,3,1,4,50.0,1,2,0,2,10.9,130879.06,0
498,28750.64,1,1,57003.13,0,28252.49,3,2,1,3,34.0,0,3,2,0,10.3,255009.79,0
831,37865.11,0,0,58305.18,0,20440.07,3,4,1,5,22.0,1,2,1,0,0.3,183632.57,0
561,61.86,1,0,49448.27,0,49386.41,0,0,1,3,18.0,2,2,0,2,3.6,337889.68,0
408,3296.07,2,1,93379.6,0,90083.53,1,0,1,1,67.0,2,2,1,0,1.1,235444.49,0
284,20680.91,1,1,37193.97,0,16513.06,3,3,0,2,32.0,2,4,1,0,1.0,385430.97,0
51,41099.23,0,0,62077.46,0,20978.23,3,0,0,3,50.0,0,3,2,0,11.3,409126.08,0
645,37470.62,0,2,37777.11,0,306.489999999998,3,4,0,5,69.0,1,4,2,2,12.6,422322.08,0
747,7527.71,2,0,19749.95,0,12222.240000000002,2,0,2,3,43.019823788546255,1,0,2,1,10.3,346814.41,0
133,25647.26,2,0,94025.5,1,68378.24,4,1,1,1,60.0,1,0,1,2,10.4,129402.36,0
807,3492.63,1,1,55381.67,0,51889.04,3,1,0,0,43.019823788546255,0,2,2,1,3.6,64893.47,0
355,9501.62,3,2,5817.11,1,0.0,0,3,1,2,37.0,0,0,2,1,12.3,209034.14,0
267,22466.44,1,0,44732.9,0,22266.460000000003,0,1,2,1,57.0,2,0,2,2,5.7,464964.47,0
673,26149.83,3,1,12723.09,0,0.0,5,2,0,1,24.0,2,1,2,1,10.1,270654.31,0
835,11079.09,1,0,44946.48,0,33867.39,1,4,1,2,30.0,0,4,2,0,2.3,13445.46,0
934,43414.63,2,1,35644.55,0,0.0,4,0,0,5,43.019823788546255,2,2,0,1,13.2,438198.25,0
268,31283.97,2,0,3471.66,0,0.0,2,4,1,4,37.0,1,5,0,1,6.7,212928.79,0
766,11566.93,0,0,51716.19,0,40149.26,3,1,1,3,44.0,2,5,1,2,2.3,181583.79,0
790,19384.58,0,0,28164.08,0,8779.5,3,1,2,0,33.0,1,2,1,2,6.5,60287.94,0
422,45941.59,2,1,66849.47,0,20907.880000000005,0,0,1,3,58.0,2,4,2,1,3.7,87941.03,0
185,32270.46,2,2,22252.12,0,0.0,3,0,2,4,37.0,2,1,0,0,14.0,204787.97,0
384,1819.35,0,2,2535.32,0,715.9700000000003,3,3,0,1,43.019823788546255,1,2,0,2,11.8,186295.46,0
382,14878.62,1,1,76282.01,0,61403.38999999999,2,2,1,4,43.0,2,5,2,0,1.1,156511.88,0
303,34314.09,0,1,81967.77,0,47653.68000000001,2,0,1,1,22.0,1,4,2,0,14.8,302892.91,0
46,9314.37,0,1,43531.25,1,34216.88,3,1,1,1,66.0,2,1,1,2,7.5,50211.3,0
326,12341.18,3,2,47102.57,0,34761.39,1,1,2,2,38.0,0,0,1,1,8.1,215778.61,0
702,7691.54,3,0,6949.54,0,0.0,5,1,1,4,37.0,0,0,0,1,2.6,441723.08,0
260,21886.41,3,2,30945.42,0,9059.009999999998,5,1,2,1,43.019823788546255,2,0,0,2,7.7,310128.32,0
710,2943.13,0,2,44942.06,0,41998.93,3,2,1,1,25.0,1,0,1,2,9.2,388408.42,0
301,33057.96,1,1,68884.35,0,35826.39000000001,1,4,1,5,28.0,1,1,0,2,12.0,495626.28,0
372,28991.77,0,0,77903.53,0,48911.76,3,2,1,2,58.0,1,1,0,0,1.1,137518.86,0
344,16996.6,3,0,8330.18,0,0.0,0,1,0,5,50.0,1,5,2,2,9.6,452579.78,0
70,12819.47,1,0,17323.59,0,4504.120000000001,5,1,1,0,43.0,2,4,0,0,14.2,152304.71,0
954,24991.73,3,0,99764.66,0,74772.93000000001,5,1,1,5,26.0,1,5,1,2,3.3,184195.22,0
916,29772.7,2,1,52450.72,0,22678.02,4,1,1,4,54.0,1,2,1,2,13.3,8400.39,0
862,14556.9,3,1,31383.55,0,30413.09,2,0,1,5,45.0,2,3,0,1,4.8,73248.14,0
563,35284.01,1,1,13509.29,0,0.0,1,2,0,3,23.0,1,3,0,2,2.2,354459.8,0
218,30414.32,0,1,56339.08,0,25924.76,3,4,1,3,61.0,0,0,1,2,9.7,212115.74,0
195,32350.91,2,2,78865.72,0,46514.81,2,2,1,0,45.0,2,3,2,1,2.8,258030.99,0
789,4044.27,0,1,96263.88,0,92219.61,2,4,2,0,42.0,2,1,2,2,9.8,15287.86,0
358,11550.8,1,2,94211.76,1,82660.95999999999,1,1,2,0,40.0,1,1,1,2,12.6,63355.63,0
126,25366.58,0,2,98953.74,0,73587.16,2,4,1,1,43.019823788546255,1,1,2,2,6.1,6084.39,0
722,37963.84,3,0,2137.75,0,0.0,3,1,1,2,59.0,1,3,0,0,9.7,85500.86,0
822,44751.33,0,1,53626.16,0,8874.830000000002,1,4,0,4,68.0,0,1,0,0,1.9,244696.92,0
258,7725.22,0,1,1566.14,0,0.0,3,3,1,5,47.0,1,1,2,2,1.3,438683.84,0
356,32680.49,3,1,97642.51,0,64962.01999999999,1,4,0,5,24.0,2,0,2,1,3.5,82129.82,0
201,11014.55,3,1,1661.53,0,0.0,3,1,0,4,64.0,1,5,2,2,7.0,415567.72,0
508,11665.94,0,1,90026.78,0,78360.84,3,4,1,5,31.0,2,4,2,2,13.4,238621.38,0
270,39181.97,3,0,17971.98,0,0.0,2,4,0,2,62.0,2,2,2,1,4.3,291892.75,0
735,6679.1,0,1,14033.71,1,7354.609999999999,5,4,1,0,66.0,1,1,2,2,3.8,81318.23,0
45,6265.66,3,2,68218.87,0,61953.20999999999,4,0,0,1,25.0,0,4,1,0,8.6,98221.12,0
772,6610.19,0,2,27136.43,1,20526.24,3,1,0,0,56.0,2,4,2,2,5.7,363235.96,0
290,12662.81,1,1,65816.2,0,53153.39,5,4,1,5,25.0,0,1,2,0,8.5,239875.73,0
748,28350.44,0,1,19084.57,0,0.0,2,4,0,5,48.0,1,1,2,1,7.3,291590.1,0
98,23124.05,2,1,72470.99,0,49346.94,2,2,0,1,19.0,0,1,2,2,4.7,409209.3,0
624,28880.4,0,2,62724.31,0,33843.91,1,2,0,2,43.019823788546255,2,1,0,2,3.5,252650.02,0
427,42579.86,2,1,29512.53,0,0.0,0,4,1,2,29.0,0,3,2,1,12.9,332713.28,0
38,13532.07,1,2,29858.08,0,16326.010000000002,4,4,1,4,53.0,2,2,2,2,0.8,113946.07,0
446,28193.77,3,1,71104.06,1,42910.28999999999,1,1,1,3,21.0,0,4,0,0,12.8,207927.38,0
342,48709.52,1,1,25378.17,0,0.0,1,4,1,0,55.0,1,1,1,1,9.6,428289.94,0
371,40381.14,1,2,60285.69,0,19904.550000000003,5,2,1,4,31.0,0,2,1,1,10.5,247540.87,0
166,36576.94,0,2,63373.95,1,26797.009999999995,5,4,0,3,41.0,1,0,2,0,7.7,8219.5,0
688,27211.76,2,1,70956.79,1,43745.03,3,3,1,2,35.0,2,3,1,2,0.8,54701.09,0
736,33818.81,2,0,55384.92,0,21566.11,2,4,2,0,39.0,2,5,0,2,14.9,257104.11,0
522,66.61,0,2,56076.47,0,56009.86,1,3,0,4,28.0,1,5,2,0,2.0,265836.73,0
633,24015.08,3,1,42005.89,0,17990.809999999998,4,4,0,2,26.0,1,1,1,1,14.4,248090.14,0
64,25724.09,1,2,31299.09,0,5575.0,3,0,1,5,61.0,1,4,0,1,7.5,415243.77,0
5,47822.96,3,0,41774.61,0,0.0,4,2,0,0,40.0,1,2,0,1,4.3,451765.59,0
554,39511.18,1,0,59433.03,0,19921.85,4,4,0,5,49.0,2,0,2,0,12.2,15651.23,0
852,37697.26,2,1,19351.91,1,0.0,5,1,0,2,68.0,0,2,2,1,7.1,268784.92,0
393,45521.44,0,1,98638.42,0,53116.98,0,0,1,4,45.0,2,1,1,0,6.3,351825.0,0
398,9302.16,2,1,91380.17,0,82078.01,3,0,2,1,54.0,0,4,2,1,12.6,428775.26,0
193,45073.71,1,1,59404.84,0,14331.129999999996,1,4,0,4,53.0,0,5,1,1,14.6,239099.94,0
675,40048.45,3,0,85873.58,0,45825.130000000005,4,4,1,5,23.0,2,5,2,1,7.3,407995.89,0
520,32164.13,0,0,56802.34,1,24638.209999999995,3,0,2,3,66.0,0,3,0,0,6.2,383946.85,0
419,16138.63,2,0,63532.71,1,47394.08,5,0,2,4,54.0,1,5,2,0,2.8,128318.74,0
982,22317.26,1,1,11598.66,0,0.0,0,2,2,0,21.0,1,3,1,1,0.5,426725.09,0
322,9259.33,3,0,22319.09,0,13059.76,3,3,2,2,26.0,1,0,2,1,4.0,49623.5,0
592,5699.84,0,1,98863.64,0,93163.8,1,4,0,3,27.0,2,2,0,0,7.6,33748.95,0
440,20949.07,2,1,22406.47,0,1457.4000000000017,0,1,0,2,60.0,1,1,1,1,7.3,483187.46,0
889,23860.01,3,1,2323.4,0,0.0,1,1,1,5,38.0,1,5,2,1,2.7,422350.38,0
651,39035.76,3,0,31973.45,1,0.0,2,4,2,0,34.0,1,3,1,1,4.6,217815.62,0
361,3780.99,2,2,45626.85,0,41845.86,4,3,1,2,66.0,1,1,1,1,14.6,300063.46,0
516,47634.8,0,2,57378.96,0,9744.159999999996,4,1,1,0,26.0,1,5,2,0,10.7,298937.03,0
414,15939.67,0,0,23973.52,0,8033.85,3,2,2,0,19.0,2,0,2,2,8.3,247883.51,0
535,25937.11,3,2,88676.36,0,62739.25,3,4,1,5,26.0,2,5,2,2,2.0,89968.12,0
695,36318.47,0,1,6137.63,0,0.0,5,2,1,5,18.0,1,1,2,0,3.0,67885.42,0
771,29883.84,3,0,22968.15,0,0.0,4,4,0,3,29.0,1,1,2,0,6.4,267358.29,0
119,38847.35,0,0,44967.41,0,6120.060000000005,4,1,1,5,37.0,1,5,0,1,13.5,343169.96,0
128,48778.29,0,0,25503.5,0,0.0,2,4,0,4,45.0,0,0,1,1,13.2,10311.75,0
97,39202.44,1,1,95399.97,0,56197.53,3,1,1,2,56.0,1,5,2,0,5.5,289345.67,0
799,49574.19,0,1,23923.3,0,0.0,3,1,1,4,64.0,1,4,0,2,3.8,96432.49,0
55,19235.33,1,2,77525.69,0,58290.36,3,1,2,2,50.0,1,2,1,1,4.2,125258.76,0
560,27942.71,0,2,91743.73,0,63801.02,4,2,2,1,21.0,1,2,1,0,14.1,424761.82,0
251,8750.96,0,1,62280.16,0,53529.2,3,1,2,3,43.019823788546255,2,2,2,2,8.1,111741.47,0
330,39850.05,3,1,32492.34,0,0.0,3,2,0,4,46.0,1,0,0,0,12.2,280222.4,0
475,8463.8,0,0,47364.69,0,38900.89,0,3,2,2,31.0,2,1,1,0,11.3,159156.05,0
600,9982.87,1,2,44616.78,0,34633.91,4,2,0,0,20.0,0,2,2,1,3.4,45971.11,0
762,49117.41,2,2,55121.84,0,6004.429999999993,3,1,0,1,65.0,1,0,2,0,14.8,380128.5,0
964,37356.44,0,1,92314.38,0,54957.94,3,2,1,5,43.0,1,5,2,0,0.6,126615.66,0
61,42717.78,2,1,98347.26,0,55629.48,4,3,2,0,44.0,1,1,1,1,8.5,490158.69,0
881,128480.55000000002,3,0,89674.1,0,81108.73000000001,4,0,1,1,29.0,0,2,2,2,14.5,226851.86,0
37,12837.98,3,2,4054.93,0,0.0,5,3,0,1,61.0,1,5,2,2,4.3,434898.94,0
887,46632.87,1,0,86434.27,0,39801.4,0,2,1,4,38.0,1,0,1,1,1.0,255532.4,0
391,34038.81,1,1,7863.5,0,0.0,2,0,0,3,43.019823788546255,1,0,2,2,7.8,246212.04,0
437,41234.48,2,2,11896.27,0,0.0,5,3,2,5,24.0,0,0,2,1,1.2,410582.1,0
631,49667.18,3,2,55879.41,0,6212.230000000003,2,3,1,0,44.0,0,4,0,1,11.0,254104.73,0
87,30059.88,2,2,3192.01,0,0.0,3,2,1,2,54.0,1,2,2,1,10.7,241999.56,0
9,45596.21,2,2,89279.38,0,43683.170000000006,4,1,1,1,64.0,2,4,0,1,10.6,278562.84,0
465,30267.45,2,0,38276.5,0,8009.049999999999,1,1,1,0,51.0,1,3,2,1,6.5,290643.9,0
742,20428.83,3,1,97916.79,0,77487.95999999999,0,4,0,0,41.0,0,0,2,0,5.5,107133.07,0
464,29936.45,0,2,31907.44,0,1970.989999999998,4,1,1,1,27.0,2,5,2,0,3.2,365208.28,0
625,36564.63,2,1,26233.34,0,0.0,0,2,2,5,43.019823788546255,2,1,1,0,13.5,322570.77,0
833,20669.04,2,1,41722.61,0,21053.57,3,2,0,2,20.0,1,2,2,0,14.5,324049.31,0
134,47217.97,2,2,82343.15,1,35125.17999999999,4,1,1,5,25.0,2,1,2,2,11.6,295004.4,1
914,47122.23,1,2,16447.55,0,0.0,4,1,2,2,27.0,1,4,0,0,13.3,428876.68,0
337,13593.81,1,1,58560.29,1,44966.48,0,0,1,4,41.0,1,0,2,2,5.3,98198.28,0
282,36090.57,2,2,49856.6,1,13766.03,2,1,1,0,28.0,2,3,1,1,3.8,30285.09,0
386,33365.23,0,1,75415.94,0,42050.71,3,4,2,1,37.0,1,4,2,1,7.1,203066.99,0
832,1690.69,1,0,81070.21,0,79379.52,2,4,2,1,53.0,0,5,0,0,1.3,487426.53,0
614,42906.41,0,1,70960.88,0,28054.47,2,1,1,1,30.0,1,0,2,1,4.8,82982.79,0
140,13281.53,1,1,12575.43,0,0.0,5,4,0,5,62.0,1,0,0,1,6.8,360883.57,0
35,16826.5,1,2,53049.87,1,36223.37,3,1,1,0,62.0,1,3,2,2,9.5,84065.63,0
895,1050.32,0,2,42931.24,0,41880.92,0,3,1,4,41.0,1,2,2,0,1.0,66894.63,0
144,45538.78,1,1,39336.49,0,0.0,5,1,1,4,44.0,0,1,0,2,4.0,146838.21,0
381,18998.96,2,2,55176.51,0,36177.55,3,1,1,3,40.0,2,1,1,1,8.3,166996.37,0
366,31165.72,3,0,21140.21,0,0.0,1,0,0,0,37.0,1,5,2,2,8.0,450988.66,0
99,27858.24,1,1,74275.98,0,46417.73999999999,0,1,1,5,60.0,0,2,2,0,0.9,160159.33,0
294,40275.48,3,2,55411.02,0,15135.539999999994,4,0,1,4,43.019823788546255,0,2,2,1,11.9,427587.23,0
745,26735.4,2,2,83450.36,0,56714.96,4,2,2,3,58.0,1,2,2,0,4.4,269867.02,0
452,27672.42,3,2,91111.09,0,63438.67,3,2,0,0,35.0,0,5,0,0,11.1,405021.29,0
110,37843.96,0,0,39275.4,0,1431.4400000000023,1,1,1,1,24.0,1,4,0,2,0.6,488534.17,0
607,41304.74,3,2,77592.59,0,36287.85,3,0,0,4,62.0,2,1,2,0,2.8,244010.83,0
602,47706.64,2,0,51847.49,0,4140.849999999999,4,2,1,3,66.0,2,4,0,1,4.2,204625.23,0
921,34964.59,1,0,11264.18,0,0.0,0,2,2,2,20.0,0,1,0,2,14.3,457201.66,0
189,35717.26,1,0,38762.66,0,3045.400000000001,0,0,1,1,43.019823788546255,1,1,2,0,4.5,48572.71,0
787,7775.87,0,2,86654.14,0,78878.27,1,4,2,3,24.0,2,2,2,1,3.9,214949.35,0
907,16486.12,0,0,28807.31,0,12321.190000000002,0,2,0,2,43.019823788546255,2,3,0,1,14.7,359154.31,0
878,6182.71,0,0,70675.44,0,64492.73,3,1,2,3,29.0,2,2,2,0,12.4,191751.0,0
699,48163.67,2,0,88957.95,0,40794.28,0,0,1,5,50.0,0,3,2,1,2.9,234597.42,0
434,46483.81,2,2,28997.31,0,0.0,3,4,0,2,28.0,0,1,0,0,6.9,75590.11,0
677,4569.56,3,0,30100.96,0,25531.4,0,1,1,2,43.019823788546255,0,3,2,1,9.8,176607.12,0
415,49218.35,3,2,42066.7,0,0.0,3,1,1,0,43.019823788546255,0,3,2,2,13.4,224556.9,0
727,29026.61,1,2,87091.0,0,58064.39,2,1,1,1,38.0,0,3,2,0,14.6,83673.32,0
216,37633.77,3,1,20751.03,0,0.0,3,3,1,4,56.0,2,2,1,2,0.1,210521.26,0
476,29058.82,0,0,73508.97,0,44450.15,3,2,1,3,30.0,0,0,2,2,3.0,236887.33,0
991,5199.53,2,0,50507.93,0,45308.4,0,2,1,3,20.0,2,3,0,0,12.6,208001.25,0
588,23535.62,1,0,23848.67,0,313.0499999999993,1,1,1,3,64.0,0,3,1,0,10.9,221118.66,0
531,111.53,2,0,8942.0,0,8830.47,4,2,1,0,64.0,1,4,2,0,3.3,42541.84,0
279,42977.82,2,2,30269.8,0,0.0,1,3,2,5,64.0,1,2,0,2,4.6,391621.58,0
170,49967.71,0,0,80778.61,0,30810.9,4,1,0,4,41.0,1,3,2,0,14.4,451104.95,0
983,19899.08,0,0,90426.5,1,70527.42,0,0,1,3,34.0,2,0,0,2,5.0,85493.13,0
734,36808.44,1,1,55784.52,0,18976.079999999994,2,3,2,3,25.0,0,0,0,2,8.1,237700.53,0
118,30338.23,3,1,51717.73,0,21379.500000000004,2,1,1,2,35.0,1,3,0,1,11.7,408548.7,0
8,12802.56,1,1,37745.78,0,24943.22,2,1,2,4,51.0,1,1,2,1,6.2,398490.38,0
49,1518.25,0,0,79151.53,0,77633.28,5,3,1,2,60.0,1,1,2,1,8.6,395096.95,0
739,29044.73,1,1,8490.45,1,0.0,0,0,1,2,23.0,0,5,2,2,7.0,42311.92,0
810,22142.82,3,2,51905.9,0,29763.08,1,2,1,5,20.0,1,3,2,0,7.7,383621.55,0
585,24079.04,0,2,90452.29,0,66373.25,3,2,1,1,63.0,1,4,1,1,9.4,495704.21,0
984,17251.97,3,0,4465.78,0,0.0,1,1,2,3,25.0,1,1,1,1,0.5,254033.07,0
618,40486.02,2,2,45429.1,0,4943.080000000002,0,3,0,5,59.0,0,1,2,1,4.2,329219.69,0
698,13306.1,2,1,32342.09,0,19035.99,3,2,1,2,42.0,0,5,0,1,9.7,82265.3,0
987,49459.79,1,0,69966.1,0,20506.310000000005,5,0,1,4,21.0,2,1,0,1,9.3,227261.45,0
487,33098.54,2,0,78778.67,1,45680.13,0,1,1,4,22.0,2,0,2,2,4.9,135414.32,0
622,5517.97,3,1,51823.45,0,46305.48,3,1,1,5,28.0,1,5,1,2,9.5,213439.37,0
540,38271.28,0,0,61384.21,1,23112.93,5,1,1,0,42.0,2,1,2,1,5.3,239544.61,0
107,49029.81,2,2,12076.18,0,0.0,4,3,1,2,54.0,2,1,0,2,7.5,76454.34,0
846,1613.55,1,0,82608.36,0,80994.81,1,3,1,5,25.0,1,0,2,0,10.7,422074.59,0
346,35760.46,1,0,70976.95,0,35216.49,0,1,0,4,36.0,0,4,1,0,11.2,339907.49,0
236,30384.96,0,2,2558.55,0,0.0,3,4,0,3,43.019823788546255,1,1,2,0,0.1,182210.82,0
796,7504.43,2,1,46505.43,0,39001.0,3,2,1,1,29.0,2,1,1,1,1.8,187201.87,0
368,31965.52,3,1,71583.04,0,39617.51999999999,3,1,2,5,52.0,1,5,1,2,4.0,219054.22,0
33,21117.04,0,0,87390.94,0,66273.9,5,2,2,4,44.0,2,1,2,0,2.1,158505.3,0
949,5336.41,1,0,10441.79,0,5105.380000000001,4,3,1,3,50.0,1,1,0,0,6.7,255548.38,0
820,26943.15,0,0,35133.36,0,8190.209999999999,3,0,1,0,69.0,0,1,2,0,9.4,145715.55,0
911,44191.3,0,2,1310.95,0,0.0,3,1,2,4,49.0,2,3,0,2,7.3,156677.05,0
760,45641.84,0,0,68038.09,0,22396.25,0,2,1,2,64.0,2,3,1,0,11.0,418441.29,0
161,14743.69,2,1,96154.78,0,81411.09,2,2,1,5,20.0,2,2,1,2,7.7,186705.4,0
692,7521.55,2,2,40831.16,0,33309.61,3,4,1,3,61.0,1,5,0,1,0.8,215650.96,0
397,30296.63,3,1,99185.52,1,68888.89,3,1,1,4,42.0,1,4,0,1,7.0,125636.27,0
841,11670.64,2,2,40424.55,0,28753.910000000003,5,1,0,2,58.0,0,4,2,2,7.9,181377.67,0
317,12731.73,3,2,19791.71,0,7059.98,2,1,1,1,30.0,2,2,2,0,14.3,160969.05,0
453,8007.24,2,1,57869.24,0,49862.0,3,0,1,4,33.0,1,3,2,1,9.8,165608.83,0
904,33731.48,0,0,21220.43,0,0.0,3,4,1,5,64.0,2,4,2,2,7.7,233732.49,0
793,18673.79,0,1,3031.56,0,0.0,1,3,1,4,20.0,1,2,2,0,0.2,118406.3,0
893,5190.66,1,0,75629.14,0,70438.48,0,2,2,1,29.0,2,4,2,1,14.7,251927.16,0
348,4691.81,3,2,15286.61,0,10594.8,4,2,1,2,43.019823788546255,1,5,2,1,2.3,275953.91,0
562,16160.27,0,0,93773.79,1,77613.51999999999,3,1,0,2,59.0,2,4,2,0,11.9,73181.74,0
420,1757.68,3,2,52753.25,1,50995.57,4,1,1,4,64.0,1,2,1,1,11.3,66341.52,0
756,40948.34,3,2,28567.3,0,0.0,3,0,2,5,24.0,0,4,2,2,3.2,287932.52,0
441,32471.28,2,2,51779.29,0,19308.01,0,1,1,2,43.019823788546255,0,4,0,2,2.1,40592.26,0
802,45395.54,1,2,86972.67,0,41577.13,5,1,2,0,58.0,1,0,2,0,2.9,388331.5,0
570,31766.25,3,0,58922.77,0,27156.52,0,1,2,4,31.0,1,1,0,1,10.3,114179.21,0
575,31256.83,3,1,58772.14,0,27515.31,0,0,1,2,45.0,1,2,0,1,14.0,490219.04,0
528,12881.35,0,1,86631.3,0,73749.95,4,0,1,4,42.0,1,3,0,0,12.6,385589.3,0
851,36218.96,0,1,41468.95,0,5249.989999999998,0,2,1,2,44.0,0,1,2,0,2.0,115644.92,0
918,41997.45,2,0,11209.01,0,0.0,4,3,0,2,29.0,2,2,1,1,14.8,382378.09,0
53,22079.56,3,1,35540.12,0,13460.56,1,2,1,1,48.0,0,2,2,0,13.4,149244.58,0
223,36554.93,0,1,90415.89,0,53860.96,2,0,1,3,26.0,1,2,0,1,4.4,456783.26,0
610,16751.42,0,2,60509.17,0,43757.75,1,4,1,0,44.0,1,4,2,1,3.8,175379.22,0
804,34175.03,0,0,89115.65,0,54940.62,2,4,1,2,65.0,0,1,2,2,5.3,197870.61,0
936,18954.9,3,2,94323.26,0,75368.35999999999,5,1,1,4,68.0,0,1,0,1,14.4,92825.63,0
840,8142.59,1,1,43322.07,0,35179.48,1,4,1,2,49.0,2,1,2,2,9.6,188696.05,0
43,28014.22,2,1,26564.87,0,0.0,1,3,1,4,50.0,1,1,0,2,1.5,396653.47,0
84,43959.62,1,1,52586.25,0,8626.629999999997,4,4,2,2,64.0,0,4,1,2,8.5,401731.34,0
621,46151.86,1,1,96189.82,0,50037.96000000001,2,0,2,0,21.0,1,5,1,0,1.4,462134.59,0
459,942.2,1,0,31099.0,0,30156.8,3,0,2,3,59.0,1,2,1,0,0.1,273805.84,0
349,6192.39,1,0,65949.45,0,59757.06,0,3,1,2,20.0,1,5,2,1,1.7,219565.17,0
924,11579.92,1,1,52791.16,1,41211.240000000005,2,1,1,5,63.0,1,0,2,0,4.0,154935.93,0
870,11833.51,0,1,2590.12,0,0.0,3,2,1,2,29.0,1,3,2,2,4.1,135825.69,0
816,13684.32,3,0,48950.1,0,35265.78,3,2,1,2,62.0,2,1,2,2,7.6,379723.99,0
199,38397.81,0,1,40200.2,0,1802.39,4,2,2,3,56.0,1,5,1,1,7.1,264633.16,0
827,9845.85,2,0,58636.14,0,48790.29,2,1,1,3,53.0,1,1,2,0,10.4,354367.34,0
432,25655.13,3,0,82835.22,0,57180.09,3,0,2,4,27.0,2,0,2,1,8.6,168795.7,0
970,39680.69,3,0,35690.91,0,0.0,3,1,1,1,43.019823788546255,2,4,2,1,6.5,300331.15,0
863,10349.0,3,2,78636.41,0,68287.41,3,0,2,2,37.0,1,4,2,2,0.5,263966.19,0
490,14799.15,3,1,51126.7,0,36327.55,5,3,2,1,47.0,0,4,2,0,0.6,472866.61,0
146,10855.38,3,2,41403.79,0,30548.410000000003,4,3,0,0,45.0,1,4,2,1,11.9,47335.51,0
313,11043.86,3,0,85217.35,0,74173.49,5,2,0,5,67.0,2,1,2,0,0.4,146464.79,0
82,24584.76,0,0,70030.27,0,45445.51000000001,1,1,1,0,23.0,1,0,2,2,0.0,288597.4,0
661,11273.82,0,2,12584.16,0,1310.34,2,1,0,1,60.0,1,1,1,0,2.2,357920.0,0
536,43328.61,3,2,27271.64,0,0.0,0,1,1,3,27.0,0,4,2,1,12.7,487143.72,0
680,14953.8,2,2,75036.02,0,60082.22,2,1,0,2,43.019823788546255,1,5,2,2,2.4,432245.5,0
527,782.62,1,0,23447.38,0,22664.76,3,3,1,4,69.0,2,2,2,1,6.5,184379.34,0
496,23453.54,1,0,77902.26,0,54448.72,4,1,2,5,19.0,1,0,2,0,11.4,317801.16,0
86,26147.93,3,2,65684.97,0,39537.04,5,2,1,1,62.0,1,1,2,0,13.0,445613.0,0
94,8130.12,1,1,36475.13,0,28345.01,5,1,1,3,49.0,0,1,2,0,11.9,223411.02,0
803,22784.43,1,2,78849.42,1,56064.99,3,4,2,0,53.0,2,1,2,0,4.8,296130.57,0
593,49437.0,2,2,69288.11,0,19851.11,5,0,2,5,44.0,0,0,2,1,13.6,16567.07,0
430,35791.89,3,0,34231.71,1,0.0,1,2,1,4,40.0,0,0,1,2,6.0,125967.29,0
541,32721.09,2,2,77044.69,0,44323.600000000006,1,0,2,3,48.0,1,1,2,0,3.6,118928.67,0
584,30179.71,0,0,15250.25,0,0.0,2,2,2,3,30.0,1,3,2,1,7.0,185198.49,0
431,41268.78,3,1,68453.95,0,27185.17,5,2,1,3,26.0,1,1,2,0,5.4,260018.23,0
50,10940.25,3,1,74201.41,0,63261.16,0,0,1,0,37.0,1,1,0,0,5.2,289674.92,0
708,7988.97,3,0,7250.89,0,0.0,3,3,1,5,69.0,0,5,1,0,6.3,51879.82,0
468,19223.17,0,2,98545.08,0,79321.91,3,0,0,0,40.0,0,3,1,0,3.4,197596.87,0
884,117755.7,3,2,60781.25,0,52930.87,1,1,0,4,40.0,1,5,1,0,1.9,194480.19,0
853,44132.55,2,2,36880.7,0,0.0,2,3,1,4,38.0,0,2,0,0,3.8,99438.38,0
540,4250.71,3,2,39684.76,0,35434.05,1,3,1,5,62.0,0,3,1,1,12.8,411169.31,0
11,29942.21,2,1,56449.08,0,26506.870000000003,0,0,0,4,38.0,1,4,2,1,11.4,366768.3,0
142,38508.74,2,2,45828.56,0,7319.82,4,0,1,4,33.0,2,3,2,0,5.9,181006.74,0
654,36239.62,0,0,44565.75,0,8326.129999999997,3,3,2,5,67.0,1,3,1,2,13.6,402360.04,0
978,5155.52,0,1,22125.94,0,16970.42,2,4,1,5,57.0,0,2,2,2,7.6,94948.41,0
642,26847.24,2,0,3046.47,0,0.0,3,3,1,4,48.0,1,4,2,0,4.8,179478.08,0
641,25786.63,0,2,73400.34,0,47613.70999999999,3,3,0,4,42.0,1,1,2,2,8.0,158204.73,0
305,41882.66,2,1,79957.19,0,38074.53,0,2,0,2,64.0,0,0,2,0,10.1,438845.19,0
975,6998.85,3,0,85196.69,0,78197.84,4,4,2,5,45.0,1,0,2,1,13.7,358941.67,0
974,17348.77,1,1,89692.53,0,72343.76,1,1,1,3,34.0,1,1,2,1,2.5,434840.79,0
448,16329.98,2,2,51651.94,0,35321.96000000001,3,3,1,3,43.019823788546255,0,5,2,2,2.1,382549.82,0
493,77767.2,0,0,63674.19,0,58489.71000000001,3,0,1,3,19.0,1,3,2,1,14.3,109367.22,0
298,18070.59,3,1,98499.73,0,80429.14,5,0,1,2,58.0,0,0,1,2,3.6,176505.04,0
721,8728.99,3,0,86289.86,0,77560.87,0,4,2,1,32.0,1,1,2,1,3.9,139825.32,0
286,2686.05,3,1,28534.79,0,28355.72,4,1,1,0,33.0,0,0,2,2,1.1,33942.75,0
812,26086.95,2,2,5486.61,0,0.0,3,4,0,4,43.019823788546255,1,0,2,1,3.2,314336.88,0
912,43182.73,1,1,12730.74,0,0.0,5,2,1,3,43.019823788546255,2,1,1,2,2.9,30238.88,0
817,5500.03,0,2,94901.79,0,89401.76,1,1,2,5,67.0,1,1,1,2,6.6,254247.21,0
73,47955.79,2,2,45432.55,0,0.0,1,4,2,4,43.019823788546255,2,1,2,2,3.1,359353.72,0
591,24143.7,3,0,49920.62,0,25776.92,0,4,1,2,25.0,0,3,1,0,10.3,298473.17,0
210,3667.19,3,1,94970.87,0,91303.68,3,1,1,1,22.0,0,1,1,1,4.5,285974.86,0
48,22148.38,0,0,39621.9,0,17473.52,3,0,2,4,64.0,1,4,2,0,12.7,40350.17,0
131,29423.52,3,2,55635.84,0,26212.32,4,0,1,4,61.0,2,3,2,1,1.4,41990.36,0
718,15531.35,1,1,93564.45,1,78033.09999999999,1,3,2,0,21.0,0,4,2,0,9.2,297065.66,0
759,34425.98,0,2,51871.22,0,17445.239999999998,0,1,2,5,48.0,0,3,1,0,10.8,166619.55,0
491,5926.57,3,2,69187.49,0,63260.920000000006,3,1,0,5,68.0,1,0,2,1,2.5,396148.32,0
433,26298.96,1,2,43943.29,0,17644.33,3,0,1,1,66.0,0,1,1,1,0.5,328812.18,0
720,23579.72,0,1,39175.74,0,15596.019999999997,0,2,1,1,22.0,0,0,0,1,7.2,156467.73,0
296,45937.96,1,0,26011.96,0,0.0,4,0,1,4,22.0,1,1,2,2,4.1,477125.13,0
168,26636.4,0,2,42439.65,0,15803.25,3,1,1,4,20.0,1,5,1,2,7.2,259070.85,0
565,48932.63,1,0,26027.05,0,0.0,5,0,2,1,52.0,1,5,2,1,9.4,59348.62,0
369,28310.54,3,2,5998.41,0,0.0,5,0,0,2,66.0,2,0,0,1,8.5,404179.93,0
438,27009.64,1,0,78369.06,0,51359.42,4,2,1,3,30.0,1,1,2,1,5.2,154203.72,0
814,33521.3,2,2,9667.32,0,0.0,1,3,0,3,32.0,0,5,1,0,9.4,263377.72,0
69,12971.48,2,0,66585.91,0,53614.43000000001,1,4,1,0,43.019823788546255,0,2,2,0,12.8,264845.66,0
876,8929.43,1,1,29284.26,0,20354.83,0,1,1,2,31.0,2,3,2,1,0.9,202462.11,0
132,41723.45,3,0,85861.97,0,44138.52,4,3,2,3,64.0,2,1,2,0,5.8,7929.46,0
152,22129.12,3,2,18250.1,0,0.0,2,2,0,4,44.0,1,4,2,2,12.4,220451.5,0
281,3821.39,0,2,99045.82,0,95224.43,2,1,0,1,26.0,0,2,2,1,6.6,105816.71,0
559,38801.45,0,1,94053.25,0,55251.8,1,1,1,2,21.0,1,5,0,2,9.6,206176.66,0
212,29697.25,2,2,85103.89,0,55406.64,1,1,2,3,37.0,2,4,1,0,5.1,184119.42,0
79,26178.08,0,2,43680.13,0,17502.049999999996,3,1,0,5,25.0,1,1,2,1,3.7,432605.46,0
650,19034.72,0,1,85792.85,1,66758.13,2,3,1,5,63.0,1,0,2,0,6.4,214564.81,0
373,19805.98,0,1,42205.59,0,22399.61,1,4,2,0,40.0,2,3,1,1,6.8,64755.69,0
764,10224.88,0,1,80333.45,0,70108.56999999999,3,2,0,1,48.0,0,1,2,1,7.1,383823.38,0
492,19863.16,2,1,78275.05,0,58411.89,3,2,1,1,26.0,0,1,2,1,12.8,130799.39,0
17,15608.08,0,1,8018.27,0,0.0,3,2,1,2,40.0,0,0,0,2,14.0,394603.11,0
163,42328.07,1,2,80172.16,1,37844.09,2,3,1,1,29.0,2,0,2,2,15.0,356501.94,1
66,26698.92,1,2,20725.35,0,0.0,5,4,0,0,36.0,0,5,1,2,0.5,76119.79,0
980,39450.91,1,1,60377.36,0,20926.45,4,4,2,5,23.0,2,0,1,0,9.3,401693.92,0
647,36780.75,0,0,44103.97,0,7323.220000000001,1,1,0,0,40.0,1,1,1,1,6.2,152918.16,0
494,78857.1,0,1,48767.54,0,43510.4,5,4,1,1,54.0,0,1,2,1,7.7,416619.61,0
706,16711.8,1,0,10774.98,0,0.0,2,4,0,0,22.0,0,4,0,2,13.6,293671.91,0
652,34800.93,1,0,84944.86,0,50143.93,3,3,1,3,43.019823788546255,2,3,1,0,9.7,457621.73,0
319,16208.84,0,1,21877.74,0,5668.9000000000015,2,3,1,0,57.0,1,2,0,0,12.4,275384.8,0
127,32803.4,2,2,66147.44,0,33344.04,0,3,1,2,43.019823788546255,2,1,2,1,0.3,107283.0,0
489,48192.92,0,1,90256.72,0,42063.8,3,4,0,4,49.0,1,3,0,1,13.7,460201.6,0
507,14228.53,3,1,44407.21,0,30178.68,5,3,2,1,43.019823788546255,1,5,2,2,12.0,311540.11,0
587,45191.01,1,1,94566.3,0,49375.29,5,4,1,1,48.0,1,1,1,1,2.8,263321.65,0
658,31680.38,0,1,10117.43,0,0.0,4,4,1,5,69.0,2,3,2,1,9.8,334933.33,0
719,9670.32,3,1,74510.55,0,64840.23,5,3,0,0,21.0,1,4,1,0,5.5,284224.7,0
898,48947.63,1,1,97733.32,0,48785.69000000001,5,0,1,5,35.0,1,0,0,1,11.6,105429.18,0
93,29660.96,0,1,11479.47,0,0.0,2,4,1,4,60.0,1,1,2,1,5.7,205100.07,0
182,42617.07,1,0,65129.65,0,22512.58,3,3,2,0,59.0,1,1,1,2,0.3,472293.99,0
460,38642.51,2,2,49095.93,0,10453.419999999998,3,0,1,2,55.0,2,3,0,0,0.7,440444.01,0
948,26541.2,3,1,57545.07,0,31003.87,4,1,0,0,66.0,1,1,0,2,13.9,296717.46,0
850,7909.17,3,0,38543.43,1,30634.26,3,4,1,0,48.0,0,3,2,2,12.7,303481.06,0
450,9263.92,0,1,19951.34,0,10687.42,4,3,0,4,43.019823788546255,0,3,2,2,11.7,42148.6,0
395,20108.93,3,2,44470.46,0,24361.53,0,0,0,0,51.0,2,3,1,2,14.5,139966.04,0
400,30112.68,1,2,63427.51,0,33314.83,2,1,2,3,21.0,0,4,2,0,12.4,314209.83,0
943,32026.4,2,0,2502.51,0,0.0,3,0,1,5,60.0,1,2,2,0,9.8,401003.53,0
334,47642.24,1,2,23916.53,0,0.0,2,0,1,4,26.0,1,5,2,2,6.7,440311.92,0
691,20254.05,3,0,52638.34,0,32384.29,4,2,2,3,23.0,0,2,0,0,10.6,274627.89,0
101,40697.63,0,0,79804.73,0,39107.1,3,4,1,3,48.0,1,5,2,2,6.8,282157.53,0
877,27184.48,0,1,90406.28,0,63221.8,4,4,1,3,36.0,1,2,1,0,2.9,484640.79,0
481,11067.03,2,1,20854.74,0,9787.71,3,3,0,1,39.0,1,4,2,2,9.9,284996.62,0
63,30876.93,3,2,58776.9,0,27899.97,3,1,1,1,65.0,1,1,2,1,13.1,435971.57,0
605,34675.04,3,2,97450.52,0,62775.48,3,1,2,2,62.0,0,2,1,2,13.8,402929.22,0
576,38652.5,3,2,22505.86,0,0.0,3,4,1,4,58.0,0,5,1,1,7.0,423735.52,0
74,9525.26,0,2,33110.23,0,23584.97,2,3,1,2,29.0,1,0,2,0,1.3,441581.33,0
47,24875.75,2,0,12502.9,0,0.0,0,3,0,3,55.0,2,0,0,1,13.6,125819.25,0
60,33512.38,0,2,72335.99,0,38823.61000000001,5,0,1,4,44.0,2,3,1,0,13.8,306795.31,0
44,10057.94,3,0,75052.47,1,64994.53,3,3,2,2,25.0,1,3,1,0,6.5,288775.48,0
761,29668.5,0,1,15074.87,0,0.0,4,1,0,1,63.0,1,2,1,0,4.1,444748.77,0
188,12220.65,0,1,78423.03,0,66202.38,3,1,2,1,65.0,1,3,0,2,9.6,4286.41,0
197,23603.05,1,1,82838.55,0,59235.5,2,1,1,3,43.019823788546255,2,5,0,2,7.9,24860.77,0
156,29759.09,2,0,5191.89,1,0.0,4,3,1,2,55.0,2,3,2,0,8.1,447747.21,0
362,18746.12,1,0,93950.6,0,75204.48000000001,3,1,1,3,47.0,1,1,2,1,1.0,108805.2,0
848,36658.3,0,0,85571.82,0,48913.52,0,1,2,2,38.0,1,2,2,1,6.4,244605.56,0
259,9458.04,3,0,41249.12,0,31791.08,0,1,1,0,53.0,1,4,2,2,12.6,10918.58,0
533,48736.26,1,0,73567.36,0,24831.1,5,1,1,2,53.0,2,0,2,0,11.5,461713.36,0
837,41167.54,3,0,60131.95,0,18964.41,4,1,1,3,43.019823788546255,1,4,1,0,4.8,212302.52,0
482,1742.26,2,0,50650.03,0,48907.77,4,0,2,0,68.0,1,1,2,2,14.3,388074.46,0
553,16484.42,3,2,7586.23,0,0.0,2,2,1,2,43.019823788546255,1,4,2,0,9.9,88465.72,0
497,33332.03,3,0,94078.14,0,60746.11,3,2,0,5,37.0,0,3,0,1,4.5,465685.49,0
412,42084.41,1,1,21415.52,0,0.0,2,2,0,1,39.0,1,0,2,0,8.1,395688.04,0
826,48227.8,0,0,43469.51,1,0.0,3,3,2,0,32.0,1,3,0,0,8.3,196736.07,1
277,43828.38,0,2,37952.72,0,0.0,3,3,1,4,30.0,2,1,0,2,11.5,224366.0,0
104,21936.71,3,1,78795.45,0,56858.74,3,4,1,4,30.0,2,5,0,0,7.8,483770.3,0
58,43241.08,1,1,52835.06,0,9593.979999999996,5,1,0,4,38.0,0,5,2,2,9.4,427224.96,0
169,43412.73,0,1,81458.65,1,38045.91999999999,1,2,1,1,27.0,1,4,0,1,10.3,477741.68,1
409,3503.18,0,1,36015.97,0,32512.79,2,1,0,0,28.0,2,2,0,2,3.9,310028.64,0
137,101.42,1,1,82552.97,0,82451.55,0,1,1,3,39.0,1,5,2,1,11.4,157054.76,0
941,37265.97,1,1,22389.95,0,0.0,1,1,2,1,45.0,0,0,0,2,1.2,462664.7,0
768,7330.54,2,2,40175.09,0,32844.55,1,0,1,1,43.0,1,4,1,0,13.4,493609.4,0
350,26374.85,0,0,78884.13,0,52509.280000000006,0,2,0,2,29.0,1,1,0,2,5.2,345107.41,0
203,24724.38,3,1,38688.28,0,13963.899999999998,5,0,2,0,56.0,2,0,2,1,12.0,451725.59,0
56,24107.66,2,0,25700.8,0,1593.1399999999994,0,0,2,0,49.0,1,5,0,2,6.8,28977.5,0
269,30806.31,0,0,70561.38,0,39755.07000000001,4,2,0,3,26.0,1,4,2,0,7.0,347606.7,0
755,36024.12,3,2,23688.02,0,0.0,5,2,0,1,25.0,1,2,2,2,12.2,324105.7,0
933,48837.43,0,1,64072.38,0,15234.949999999995,0,0,1,5,20.0,0,3,0,1,13.5,403222.08,0
765,11827.82,2,2,1861.91,0,0.0,3,0,1,3,19.0,0,2,2,1,9.9,174548.54,0
4,25330.07,1,0,44379.49,1,19049.42,0,2,1,5,67.0,0,3,0,1,1.7,434413.82,0
28,4380.93,2,2,3802.82,0,0.0,1,3,1,3,38.0,1,3,2,1,1.2,240273.1,0
674,1199.98,1,0,12768.56,0,11568.58,3,1,2,2,59.0,0,4,0,2,9.0,236191.84,0
200,9629.53,3,1,71301.36,0,61671.83,5,1,2,0,30.0,1,2,2,1,6.9,373031.69,0
638,41138.06,3,1,9345.83,0,0.0,1,0,1,3,62.0,1,1,2,2,14.0,186223.81,0
417,40047.45,3,2,45561.54,0,5514.090000000004,2,4,1,4,52.0,2,1,2,1,1.2,463432.9,0
418,49507.91,2,2,43677.6,0,0.0,1,2,1,5,30.0,0,1,2,0,3.9,265088.13,0
250,43839.44,3,2,46459.73,1,2620.290000000001,5,1,1,3,45.0,0,2,2,2,7.1,289947.0,1
19,41006.35,2,1,68069.87,0,27063.52,5,3,0,4,47.0,0,0,1,0,1.4,54935.58,0
247,44151.17,1,0,5240.92,0,0.0,2,2,0,4,43.019823788546255,1,1,2,1,1.9,407800.67,0
830,19157.19,1,2,75067.92,0,55910.73,2,0,1,3,56.0,2,5,0,1,14.9,390679.94,0
239,29955.76,2,1,48371.12,0,18415.360000000004,4,4,1,4,60.0,1,5,2,1,10.4,168851.71,0
221,32623.56,1,2,27865.23,0,0.0,3,4,1,0,32.0,1,2,2,1,10.6,49188.92,0
91,18972.14,2,0,27632.95,1,8660.810000000001,3,0,1,1,58.0,1,5,2,2,13.2,398939.23,0
473,12302.01,2,0,92999.55,0,80697.54000000001,5,4,2,3,53.0,1,1,1,0,14.9,174298.01,0
113,3842.87,1,0,50443.75,0,46600.88,4,1,1,1,36.0,1,1,2,2,7.4,110969.57,0
34,39999.11,2,1,60944.97,0,20945.86,1,4,1,0,23.0,2,1,2,2,13.4,245082.19,0
262,10638.53,2,0,42655.36,0,32016.83,3,3,2,3,67.0,0,4,2,0,2.3,70538.77,0
192,7338.81,1,0,62234.18,1,54895.37,0,1,2,0,41.0,1,4,2,1,10.4,173251.1,0
256,39100.43,3,0,5451.18,0,0.0,2,1,1,3,52.0,2,1,0,2,11.5,446468.25,0
59,38344.47,0,2,91410.04,0,53065.56999999999,0,0,1,4,45.0,1,0,0,1,10.2,44460.84,0
725,41808.1,1,1,12328.72,0,0.0,2,1,2,3,26.0,0,3,1,2,0.2,34527.97,0
243,41475.15,1,0,69640.18,0,28165.02999999999,2,1,0,3,56.0,0,4,0,1,7.2,362904.24,0
969,31185.46,0,2,91610.46,0,60425.00000000001,5,1,2,2,64.0,2,0,1,0,0.8,470803.57,0
233,23392.17,1,2,17526.18,1,0.0,2,2,1,2,43.019823788546255,2,1,2,0,1.3,434969.59,0
763,41862.1,3,0,33970.45,0,0.0,3,4,0,1,40.0,0,4,2,1,2.4,492842.12,0
151,46582.89,1,0,21587.68,0,0.0,3,2,0,5,46.0,1,3,2,1,10.8,492845.98,0
95,19588.93,3,1,41052.3,0,21463.370000000003,4,1,1,2,34.0,1,4,2,2,7.7,295588.76,0
741,2302.78,1,1,42058.85,1,39756.07,2,0,0,3,21.0,2,3,0,1,10.8,366598.11,0
181,9015.89,1,1,59261.99,0,50246.1,5,2,1,2,58.0,2,1,0,1,9.6,126655.1,0
944,47868.28,2,2,62304.66,0,14436.380000000005,1,2,1,2,43.019823788546255,1,3,2,1,6.8,472208.05,0
578,4472.74,1,1,54595.59,0,50122.85,3,1,1,3,43.019823788546255,2,2,1,2,14.5,32464.66,0
31,13337.66,0,2,19922.08,0,6584.420000000002,1,1,2,4,30.0,0,1,2,0,9.2,483211.1,0
795,36229.66,2,1,94374.31,0,58144.65,2,0,0,4,69.0,1,4,0,0,13.6,90730.43,0
603,32347.97,0,1,99177.91,0,66829.94,3,2,1,3,33.0,2,3,0,0,10.7,133346.13,0
232,8728.94,0,0,89465.86,0,80736.92,1,4,0,1,45.0,1,3,2,1,5.2,397326.82,0
860,7492.14,3,2,22334.58,1,14842.440000000002,5,1,0,4,43.019823788546255,1,1,2,1,11.4,246894.65,0
583,18814.83,2,2,61910.11,0,43095.28,3,0,1,3,36.0,2,4,2,2,5.0,487012.35,0
788,39514.73,0,1,16575.3,1,0.0,5,2,0,1,20.0,1,4,2,0,7.9,452237.28,0
378,26653.5,1,1,98189.03,0,71535.53,2,3,1,3,43.019823788546255,1,3,0,0,8.2,1559.77,0
690,15077.61,1,1,23083.14,0,8005.529999999999,0,0,2,2,31.0,2,4,2,0,9.2,447192.89,0
429,36108.29,1,2,67936.41,0,31828.120000000003,4,0,1,0,37.0,0,2,2,2,12.5,325191.24,0
946,26791.14,0,0,18542.06,0,0.0,4,0,0,0,43.019823788546255,1,5,2,2,13.5,271586.14,0
656,2266.61,2,2,41564.18,0,39297.57,0,1,2,5,68.0,2,1,2,0,4.7,5570.86,0
775,45439.63,0,2,2448.2,0,0.0,3,2,1,0,25.0,2,1,1,0,9.6,264747.93,0
960,11315.73,3,2,70909.69,1,59593.96000000001,2,2,1,2,66.0,1,1,1,0,4.5,466281.92,0
106,31673.25,3,0,5951.84,0,0.0,1,0,0,1,52.0,1,2,2,1,11.1,295553.6,0
184,5836.4,1,0,60935.76,0,55099.36,0,3,1,4,26.0,2,3,2,0,14.9,457383.62,0
919,11406.5,1,0,89876.61,0,78470.11,3,3,2,4,47.0,2,0,0,1,7.1,419959.62,0
172,23937.79,0,0,32645.55,0,8707.759999999998,0,3,0,3,43.019823788546255,1,4,2,2,12.0,443289.94,0
370,39324.48,2,1,91376.35,0,52051.87,1,1,1,1,18.0,2,1,2,2,13.6,331730.83,0
57,6330.79,3,0,28662.17,0,22331.38,5,1,0,5,35.0,1,5,1,0,9.1,223194.57,0
931,45779.91,2,1,38945.14,0,0.0,4,1,0,2,31.0,2,2,2,1,3.1,212093.07,0
901,32146.67,1,1,77581.72,0,45435.05,1,1,1,3,37.0,1,1,0,0,11.1,416414.33,0
730,19748.55,1,2,91581.62,0,71833.06999999999,4,3,1,3,48.0,2,0,0,1,4.5,61889.19,0
714,11541.18,0,2,46935.02,0,35393.84,3,3,2,3,60.0,1,3,2,1,12.7,370142.71,0
27,7106.84,3,0,8580.26,1,1473.42,3,3,0,3,43.0,0,4,2,0,4.8,233334.47,0
347,17868.77,0,2,66755.97,0,48887.2,3,3,1,5,69.0,0,4,1,0,5.7,396488.77,0
780,49269.1,3,1,63121.17,0,13852.07,2,0,2,3,35.0,2,1,1,0,9.7,120663.12,0
606,307.0,1,2,35670.1,0,35363.1,1,4,0,1,57.0,0,3,2,0,12.8,470566.33,0
376,40223.4,0,0,30381.88,0,27700.32,4,4,2,3,60.0,1,2,0,1,1.8,417565.48,0
543,16851.7,0,1,58632.24,1,41780.53999999999,5,3,1,1,68.0,2,2,2,0,13.0,84460.11,0
483,23311.72,2,1,71726.67,0,48414.95,5,0,0,2,49.0,0,1,2,2,8.1,75958.09,0
307,18706.81,2,0,35341.71,0,16634.899999999998,3,0,1,3,48.0,0,0,0,0,5.5,40877.28,0
288,208732.2,1,2,93594.41,0,79678.93000000001,2,1,0,2,39.0,0,2,2,1,8.9,309202.5,0
377,42005.36,3,2,15910.2,0,0.0,3,1,1,0,26.0,1,2,1,1,1.4,35623.82,0
211,105.95,2,1,21516.99,0,21411.04,2,4,1,2,59.0,2,2,2,2,7.2,388789.45,0
871,10673.41,0,0,98208.66,0,87535.25,3,0,2,5,28.0,0,2,0,1,8.5,106233.66,0
571,171126.15,0,1,10653.92,0,0.0,2,4,0,4,36.0,1,1,2,2,4.7,459196.43,0
455,39777.32,3,2,82983.57,0,43206.25000000001,3,0,1,5,59.0,0,2,2,2,14.5,262442.59,0
331,18169.76,0,0,22095.42,0,3925.66,2,4,1,0,41.0,1,1,2,1,2.8,163417.52,0
824,44840.88,3,2,57278.02,0,12437.14,5,1,1,2,39.0,1,1,1,0,12.0,186274.62,0
155,35261.03,2,2,87498.57,0,52237.54000000001,0,4,1,2,38.0,0,3,2,0,12.1,357866.2,0
965,4122.25,2,1,88573.75,0,84451.5,5,3,1,1,65.0,0,5,2,2,0.3,273722.0,0
671,26085.64,2,2,61466.3,0,35380.66,1,3,0,1,36.0,1,5,2,0,6.6,100942.95,0
976,46825.64,2,0,54240.51,0,7414.870000000003,3,2,1,5,35.0,1,0,2,0,8.3,232779.51,0
16,48656.23,0,0,51776.81,0,3120.5799999999945,1,1,1,5,31.0,1,1,2,2,1.9,31911.96,0
20,29373.73,1,0,67333.22,0,37959.490000000005,0,2,2,1,26.0,2,1,1,2,3.0,204211.73,0
175,924.92,3,1,89504.54,0,88579.62,2,0,1,0,43.019823788546255,0,1,0,0,2.3,408089.93,0
242,29844.45,3,1,76526.44,0,46681.990000000005,3,4,0,5,40.0,1,1,1,2,5.0,101932.2,0
890,20280.79,3,0,17841.43,0,0.0,2,0,2,0,41.0,1,1,2,2,7.5,213431.01,0
463,24080.34,0,0,73615.19,0,49534.850000000006,4,1,1,4,43.019823788546255,2,0,0,0,0.7,81748.1,0
310,39999.07,0,2,62341.98,0,22342.910000000003,2,3,1,3,53.0,1,5,2,1,10.9,456121.62,0
85,933.51,1,0,3886.36,1,2952.8500000000004,1,3,0,2,62.0,1,0,2,0,6.5,197130.46,0
891,9356.73,0,0,13313.9,0,3957.17,0,3,1,4,65.0,2,0,2,0,14.2,368670.41,0
252,23985.2,1,1,92808.16,1,68822.96,3,3,1,1,64.0,1,4,2,1,14.4,415598.73,0
608,3459.07,2,1,37847.84,0,34388.77,0,4,1,1,26.0,1,2,0,0,10.1,283747.21,0
526,25139.3,3,0,63214.97,0,38075.67,0,1,1,4,36.0,0,5,0,1,12.8,391495.88,0
537,39909.57,0,0,75605.87,0,35696.3,3,3,2,3,37.0,0,4,1,0,13.9,94796.64,0
474,25783.0,1,0,32003.16,0,6220.16,4,1,0,0,33.0,1,1,1,0,1.2,235987.28,0
174,47933.43,0,1,43052.38,0,0.0,5,0,1,0,21.0,1,2,1,1,12.3,358224.63,0
271,29666.27,1,2,89925.57,0,60259.3,4,2,1,2,51.0,1,5,2,2,3.8,328886.47,0
204,24343.56,2,2,36809.32,0,12465.759999999998,3,4,1,0,46.0,0,3,2,1,7.0,460004.97,0
410,40944.42,1,1,60775.9,0,19831.480000000003,4,3,1,1,39.0,1,3,1,0,8.9,469146.56,0
263,16071.1,0,0,44205.54,0,28134.44,3,3,2,1,57.0,1,5,2,0,12.4,161222.6,0
544,45926.81,1,1,23446.01,0,0.0,0,1,1,0,43.019823788546255,1,5,0,2,11.7,29524.91,0
809,30050.45,0,0,52487.33,1,22436.88,2,1,1,3,29.0,1,1,2,2,12.5,290171.19,0
864,45280.96,1,1,18160.96,0,0.0,4,1,0,0,65.0,2,2,2,0,13.1,358586.5,0
532,25267.0,1,0,67261.55,0,41994.55,4,2,1,4,32.0,1,0,2,0,2.9,323000.93,0
261,30993.91,0,0,26971.95,0,0.0,3,3,2,0,52.0,1,3,2,0,6.1,337571.81,0
724,12663.76,0,2,19881.87,0,7218.109999999999,2,1,0,2,37.0,1,4,2,2,5.4,268020.39,0
726,4914.8,0,1,97561.95,0,92647.15,0,1,2,4,43.019823788546255,0,0,2,2,0.1,339448.9,0
552,28686.05,3,0,3920.9,0,0.0,3,1,0,4,50.0,1,4,1,0,6.4,65566.89,0
360,17116.64,1,0,74772.77,0,57656.130000000005,1,2,1,1,43.019823788546255,1,3,0,0,0.3,421355.4,0
114,23300.23,0,2,55255.2,0,31954.97,3,0,2,4,53.0,1,4,2,0,1.8,90175.32,0
659,20349.3,3,2,43607.1,0,23257.8,3,0,1,3,43.019823788546255,1,3,2,0,6.9,347777.97,0
462,840.26,3,2,73241.48,0,72401.22,4,1,1,1,22.0,2,0,2,1,4.8,212391.27,0
22,7002.94,1,1,77583.64,0,70580.7,5,2,0,5,19.0,0,5,2,2,6.7,371612.13,0
617,501.07,3,0,62104.66,0,61603.59,3,1,1,5,44.0,2,3,1,1,0.8,282213.52,0
12,41273.04,0,1,6126.8,1,0.0,1,2,0,3,42.0,0,1,0,2,0.8,417247.4,1
779,32585.79,1,2,76707.2,0,44121.41,2,0,1,2,20.0,0,1,2,1,5.0,310505.4,0
586,12669.82,0,0,18990.61,0,6320.790000000001,3,3,2,0,43.019823788546255,1,3,2,2,13.0,303460.05,0
513,47735.27,1,2,21867.36,0,0.0,3,4,1,5,20.0,1,0,2,0,3.1,67431.25,0
896,20754.5,2,1,48744.17,0,27989.67,0,3,0,2,62.0,0,5,1,2,2.4,150992.64,0
751,659.54,2,0,13864.2,0,13204.66,1,2,1,1,66.0,1,1,0,1,2.2,449182.59,0
849,36255.09,0,1,8777.23,0,0.0,4,4,1,2,67.0,1,0,2,2,9.5,344728.08,0
546,40208.65,3,0,88553.28,0,48344.63,3,3,0,1,59.0,1,2,2,1,1.3,164759.21,0
926,42029.96,2,2,51160.59,0,9130.629999999996,2,4,0,1,55.0,1,0,2,1,10.8,189831.27,0
484,19944.45,2,0,13028.04,0,0.0,4,4,0,2,21.0,2,0,2,1,14.2,471636.51,0
557,13899.42,3,0,57619.31,0,43719.89,5,3,1,1,67.0,1,0,2,0,10.5,410209.22,0
626,35788.77,2,0,69866.84,0,34078.07,4,2,1,3,21.0,1,4,2,0,5.8,137254.66,0
226,47865.65,0,2,77872.44,0,30006.79,1,0,0,0,43.019823788546255,0,1,2,1,11.6,18411.65,0
302,5756.18,2,0,37981.93,0,32225.75,4,3,1,3,40.0,1,0,1,0,13.9,21341.11,0
380,47910.63,1,2,21792.91,0,0.0,3,3,0,1,61.0,2,5,2,1,7.6,201989.87,0
968,11972.57,0,1,37950.87,0,25978.300000000003,1,3,0,1,21.0,1,2,0,2,12.3,448254.7,0
234,19611.93,3,1,87275.37,1,67663.44,1,1,2,3,33.0,1,1,0,0,5.5,6828.33,0
685,19582.59,1,0,14820.29,0,0.0,3,0,1,5,52.0,1,0,1,0,10.7,54887.74,0
545,27831.28,2,2,71610.35,0,43779.07000000001,4,2,0,5,18.0,2,4,0,2,10.7,2409.1,0
275,34957.35,0,1,72846.87,0,37889.52,1,3,1,3,40.0,2,0,2,1,9.3,2915.85,0
985,21640.43,2,1,42082.15,0,20441.72,0,0,1,5,30.0,2,5,1,2,10.8,54576.4,0
594,41913.44,1,1,36241.13,0,0.0,0,0,1,1,29.0,1,5,2,2,14.3,311113.8,0
589,43469.52,1,2,65104.13,0,21634.61,1,1,1,5,18.0,1,2,1,0,8.5,179009.22,0
249,27307.06,3,1,5499.8,0,0.0,1,0,1,1,30.0,1,4,2,2,13.7,291776.07,0
989,13221.01,3,0,70385.9,0,57164.88999999999,2,4,1,0,38.0,2,2,2,2,6.9,257241.93,0
102,46994.0,3,1,17364.93,0,0.0,3,3,1,2,43.019823788546255,2,3,2,0,4.9,204748.48,0
938,22345.3,1,2,78218.84,0,55873.53999999999,3,3,0,4,41.0,1,3,0,2,13.3,407873.72,0
640,8125.54,2,1,60080.87,0,51955.33,5,0,1,5,59.0,1,3,0,2,7.1,228589.05,0
662,43231.42,0,1,38073.56,0,0.0,3,0,1,2,63.0,0,1,1,1,4.6,266535.26,0
389,12211.72,0,1,20611.46,0,8399.74,4,1,1,0,66.0,0,5,1,1,14.1,207757.84,0
246,30205.89,2,2,43530.0,0,13324.11,2,4,0,0,27.0,2,4,2,2,14.0,319308.98,0
399,9313.67,0,1,41195.17,0,31881.5,2,4,2,3,44.0,2,5,2,2,11.3,3636.91,0
445,29934.39,2,1,64157.47,0,34223.08,0,1,0,4,27.0,1,1,0,2,10.9,61358.75,0
657,30329.13,1,0,17643.69,0,0.0,3,0,1,4,22.0,1,1,0,0,5.3,390838.14,0
149,14021.19,2,1,56173.75,0,42152.56,0,0,0,4,42.0,1,4,2,0,1.7,223979.36,0
865,43811.45,3,1,28531.85,0,0.0,5,4,1,2,52.0,1,3,2,1,7.5,385157.83,0
886,38441.56,2,1,4146.07,0,0.0,4,1,0,2,68.0,1,4,2,0,2.4,394276.05,0
92,2256.06,0,1,82822.32,0,80566.26000000001,1,1,1,0,52.0,1,5,2,0,8.3,302462.9,0
759,11219.54,3,1,65761.86,0,54542.32,5,0,1,4,37.0,0,4,2,0,5.3,92241.91,0
676,27018.3,1,1,2566.49,0,0.0,5,4,0,0,33.0,2,0,2,0,14.1,15879.36,0
502,27146.81,3,1,38168.67,1,11021.859999999995,4,3,2,1,18.0,2,1,0,0,12.3,412359.47,0
364,27812.54,0,2,1788.48,0,0.0,1,0,2,5,65.0,0,5,2,2,11.3,376877.73,0
920,3328.03,3,2,53343.72,0,50015.69,1,0,1,2,27.0,0,3,1,1,2.9,479565.09,0
374,28243.83,2,0,52309.34,0,24065.509999999995,0,1,0,0,52.0,1,5,2,1,7.3,140980.05,0
2,19076.43,3,1,8567.55,1,0.0,1,0,0,5,39.0,0,3,2,2,7.0,451066.44,0
684,37097.26,0,0,22827.89,0,0.0,0,4,0,4,51.0,2,2,0,0,6.6,17386.75,0
443,30217.7,2,1,27615.83,0,0.0,5,1,0,4,69.0,1,3,2,2,4.8,128765.15,0
951,22163.71,1,0,30586.86,0,8423.150000000001,3,2,0,4,42.0,1,1,2,0,11.2,345064.03,0
913,21226.04,0,1,1497.63,0,0.0,5,1,2,2,28.0,0,5,2,0,4.9,369030.91,0
663,27015.15,3,0,77303.51,0,50288.35999999999,3,4,0,0,66.0,1,2,1,1,5.6,398169.93,0
472,30921.68,2,2,32167.76,0,1246.079999999998,2,0,0,2,51.0,1,1,0,1,11.7,301279.94,0
623,18865.93,2,2,43883.15,0,25017.22,4,1,1,1,31.0,1,1,2,0,10.2,287941.97,0
266,32245.11,2,1,37978.5,0,5733.389999999999,3,3,1,3,45.0,2,1,1,0,1.8,293794.52,0
635,29448.28,2,1,33427.66,0,3979.3800000000047,3,3,1,2,32.0,1,4,2,2,9.5,267788.1,0
222,32593.4,1,2,14131.81,1,0.0,2,1,1,2,62.0,0,5,0,2,6.4,209548.64,0
111,30147.53,1,2,90817.65,0,60670.12,5,3,1,2,28.0,1,1,1,2,11.0,340721.27,0
711,30849.4,0,0,58392.89,0,27543.49,1,3,1,2,47.0,1,1,2,1,8.7,135005.58,0
778,30666.56,0,1,45838.2,0,15171.639999999996,3,3,2,1,43.019823788546255,1,3,0,0,14.0,137890.06,0
858,8061.99,0,2,83305.4,0,75243.40999999999,0,1,1,0,48.0,1,2,0,0,7.5,179861.67,0
78,6070.1,1,1,55784.64,0,49714.54,1,2,1,3,26.0,2,4,2,2,12.5,251957.66,0
428,46287.46,1,2,92527.72,0,46240.26,4,1,1,2,28.0,1,2,1,0,13.1,35556.85,0
209,31619.17,0,2,25696.36,0,0.0,3,2,1,3,50.0,2,1,2,2,12.7,162062.03,0
411,21887.81,0,0,88611.47,0,66723.66,0,1,1,3,20.0,1,3,0,2,3.7,189606.25,0
781,17087.45,2,2,94081.86,0,76994.41,3,0,1,3,43.019823788546255,2,5,0,0,4.3,402275.01,0
121,23738.15,2,1,86122.56,0,62384.41,4,1,1,2,51.0,0,1,2,1,9.8,398937.24,0
332,20248.86,1,2,2565.51,1,0.0,5,1,1,3,45.0,0,2,2,2,4.4,110619.76,0
390,2107.12,0,1,55914.08,0,53806.96,2,4,2,3,34.0,1,1,1,2,13.3,495241.82,0
681,29906.29,0,1,48020.15,0,18113.86,1,2,0,4,43.019823788546255,1,1,2,0,6.7,374925.11,0
426,37225.27,1,2,70913.13,0,33687.86000000001,1,1,1,1,57.0,1,0,2,0,6.3,444631.75,0
227,43409.31,0,1,42108.86,0,0.0,4,3,1,1,46.0,2,2,2,0,3.6,186336.38,0
845,6035.46,3,2,56564.31,0,50528.85,3,1,2,1,48.0,2,5,1,0,4.9,212201.84,0
785,42014.07,1,0,71564.99,0,29550.92000000001,3,1,0,3,67.0,2,1,1,1,7.1,353612.64,0
321,31456.8,3,2,35403.2,0,3946.399999999998,4,2,1,2,36.0,0,1,2,0,1.3,367835.17,0
653,42566.15,1,2,28022.05,0,0.0,0,4,1,3,28.0,0,1,0,0,6.5,253659.44,0
906,44876.65,3,1,91558.38,0,46681.73,5,4,1,5,47.0,0,1,1,2,14.8,12535.71,0
478,32751.92,0,0,56089.16,0,23337.240000000005,4,0,2,1,48.0,1,1,2,1,6.5,142366.55,0
416,45480.75,0,0,85953.92,0,40473.17,2,1,1,0,26.0,2,5,0,2,12.8,433299.39,0
105,23256.7,1,0,39668.77,0,16412.069999999996,2,1,1,0,58.0,1,5,2,2,0.8,162942.67,0
872,19229.0,1,0,74321.99,0,55092.990000000005,0,4,2,0,29.0,1,1,0,1,8.6,123369.91,0
992,8083.23,3,2,31586.64,0,23503.41,2,0,1,3,43.019823788546255,0,3,2,0,5.8,111809.13,0
634,33535.75,2,1,75031.64,0,41495.89,4,1,2,1,57.0,1,0,2,1,3.0,17086.01,0
241,49816.97,1,1,75511.19,0,25694.22,2,1,1,2,65.0,1,4,2,0,1.5,195768.03,0
385,32322.2,2,2,78238.74,0,45916.54000000001,3,2,0,5,43.019823788546255,2,3,1,2,12.1,91819.25,0
215,16733.74,0,2,84390.22,0,67656.48,5,1,1,0,34.0,2,4,1,1,0.6,454901.79,0
580,44876.94,2,2,47040.47,0,2163.529999999999,3,2,1,1,43.019823788546255,1,4,2,0,12.5,117279.97,0
712,23131.76,2,0,2356.16,0,0.0,1,0,0,1,66.0,1,1,2,0,10.2,386892.75,0
76,6254.79,1,1,41968.92,0,35714.13,3,1,2,0,23.0,1,4,1,1,0.7,391798.3,0
67,29872.49,1,1,75988.98,0,46116.48999999999,3,0,1,4,24.0,1,2,2,0,0.0,351444.19,0
367,22499.22,0,2,71803.46,0,49304.240000000005,1,0,1,1,59.0,1,2,2,0,0.6,182286.51,0
701,7731.87,2,1,25727.44,0,17995.57,1,1,1,5,51.0,1,1,2,1,0.1,274043.41,0
316,20958.1,2,0,56381.14,0,35423.04,1,1,1,2,19.0,1,5,2,2,7.7,373146.07,0
902,2664.33,2,1,56497.4,0,53833.07,0,3,2,0,57.0,1,2,2,2,14.6,286152.05,0
994,27187.86,2,0,89297.42,0,62109.56,3,0,2,2,68.0,1,1,2,1,3.6,231982.8,0
235,39697.51,1,2,9809.98,0,0.0,3,0,1,1,40.0,0,0,2,1,10.9,284291.56,0
646,9768.19,3,2,37222.7,1,27454.509999999995,5,0,1,3,23.0,1,0,2,1,13.5,97791.49,0
30,46639.9,2,2,92882.08,0,46242.18,3,3,0,0,20.0,1,3,2,2,8.6,298491.08,0
567,283761.15,0,1,34012.8,0,15095.390000000005,1,1,2,5,43.0,2,4,0,2,3.0,392854.61,0
245,159407.7,2,0,10477.18,0,0.0,2,1,2,4,63.0,2,0,0,1,11.1,39133.86,0
940,8779.93,0,0,54559.29,0,45779.36,0,3,1,5,63.0,0,2,0,2,1.3,127065.04,0
515,15137.92,3,0,24758.95,0,9621.03,0,2,1,1,50.0,1,2,2,2,0.1,75771.75,0
613,15641.8,3,2,10759.71,0,0.0,3,1,2,3,69.0,0,2,2,1,13.1,488327.13,0
579,9041.52,0,1,80172.07,0,71130.55,5,3,1,5,59.0,1,4,0,1,5.1,215196.07,0
291,45299.26,2,1,93960.65,0,48661.38999999999,1,2,2,1,44.0,1,5,2,2,4.5,111574.04,0
333,24689.18,3,0,80207.27,0,55518.09,5,3,1,3,30.0,1,3,2,0,4.0,485579.18,0
115,44816.25,2,1,21212.49,0,0.0,3,2,0,3,30.0,2,1,2,1,9.5,390802.07,0
732,17165.54,1,1,93299.95,0,76134.41,1,3,1,5,51.0,1,5,0,2,5.8,110608.25,0
947,10082.91,1,1,64781.42,0,54698.51,4,0,0,3,49.0,1,0,2,1,1.2,303863.87,0
328,44087.77,1,2,58520.49,0,14432.72,0,1,1,0,53.0,2,4,1,1,1.8,346963.06,0
